imdb_id	title	type	year	genres	rating	votes
tt1375666	Inception	movie	2010	Action,Adventure,Sci-Fi	8.8	2800994
tt0816692	Interstellar	movie	2014	Adventure,Drama,Sci-Fi	8.7	2503001
tt0133093	The Matrix	movie	1999	Action,Sci-Fi	8.7	2236585
tt0482571	The Prestige	movie	2006	Drama,Mystery,Sci-Fi	8.5	1579448
tt0848228	The Avengers	movie	2012	Action,Sci-Fi	8.0	1551974
tt0088763	Back to the Future	movie	1985	Adventure,Comedy,Sci-Fi	8.5	1445073
tt4154796	Avengers: Endgame	movie	2019	Action,Adventure,Sci-Fi	8.4	1435701
tt4154756	Avengers: Infinity War	movie	2018	Action,Adventure,Sci-Fi	8.4	1362347
tt0103064	Terminator 2: Judgment Day	movie	1991	Action,Adventure,Sci-Fi	8.6	1278896
tt1431045	Deadpool	movie	2016	Action,Comedy,Sci-Fi	8.0	1248107
tt0434409	V for Vendetta	movie	2005	Action,Drama,Sci-Fi	8.1	1243188
tt0371746	Iron Man	movie	2008	Action,Adventure,Sci-Fi	7.9	1218689
tt1392190	Mad Max: Fury Road	movie	2015	Action,Adventure,Sci-Fi	8.1	1201990
tt0338013	Eternal Sunshine of the Spotless Mind	movie	2004	Drama,Romance,Sci-Fi	8.3	1178285
tt0107290	Jurassic Park	movie	1993	Action,Adventure,Sci-Fi	8.2	1171529
tt1392170	The Hunger Games	movie	2012	Action,Adventure,Sci-Fi	7.2	1077183
tt0078748	Alien	movie	1979	Horror,Sci-Fi	8.5	1059396
tt2488496	Star Wars: Episode VII - The Force Awakens	movie	2015	Action,Adventure,Sci-Fi	7.7	1022574
tt3659388	The Martian	movie	2015	Adventure,Drama,Sci-Fi	8.0	1004000
tt0088247	The Terminator	movie	1984	Action,Adventure,Sci-Fi	8.1	1000092
tt2395427	Avengers: Age of Ultron	movie	2015	Action,Adventure,Sci-Fi	7.3	995753
tt1843866	Captain America: The Winter Soldier	movie	2014	Action,Adventure,Sci-Fi	7.7	967645
tt0145487	Spider-Man	movie	2002	Action,Adventure,Sci-Fi	7.4	963090
tt0458339	Captain America: The First Avenger	movie	2011	Action,Adventure,Sci-Fi	6.9	962964
tt1300854	Iron Man 3	movie	2013	Action,Adventure,Sci-Fi	7.1	961780
tt0066921	A Clockwork Orange	movie	1971	Crime,Sci-Fi	8.2	934205
tt1228705	Iron Man 2	movie	2010	Action,Sci-Fi	6.9	933437
tt3498820	Captain America: Civil War	movie	2016	Action,Sci-Fi	7.8	922743
tt3315342	Logan	movie	2017	Action,Drama,Sci-Fi	8.1	921702
tt0246578	Donnie Darko	movie	2001	Drama,Mystery,Sci-Fi	8.0	908656
tt1825683	Black Panther	movie	2018	Action,Adventure,Sci-Fi	7.3	905520
tt1454468	Gravity	movie	2013	Drama,Sci-Fi,Thriller	7.7	897480
tt0083658	Blade Runner	movie	1982	Action,Drama,Sci-Fi	8.1	878947
tt0480249	I Am Legend	movie	2007	Drama,Horror,Sci-Fi	7.2	873480
tt0770828	Man of Steel	movie	2013	Action,Adventure,Sci-Fi	7.1	864110
tt2543164	Arrival	movie	2016	Drama,Mystery,Sci-Fi	7.9	858019
tt1631867	Edge of Tomorrow	movie	2014	Action,Adventure,Sci-Fi	7.9	801200
tt2250912	Spider-Man: Homecoming	movie	2017	Action,Adventure,Sci-Fi	7.4	792155
tt2975590	Batman v Superman: Dawn of Justice	movie	2016	Action,Adventure,Sci-Fi	6.4	789589
tt1877832	X-Men: Days of Future Past	movie	2014	Action,Adventure,Sci-Fi	7.9	786023
tt0316654	Spider-Man 2	movie	2004	Action,Adventure,Sci-Fi	7.5	780208
tt0062622	2001: A Space Odyssey	movie	1968	Adventure,Sci-Fi	8.3	779946
tt0478970	Ant-Man	movie	2015	Action,Comedy,Sci-Fi	7.2	776995
tt1951264	The Hunger Games: Catching Fire	movie	2013	Action,Adventure,Sci-Fi	7.5	770712
tt1270798	X-Men: First Class	movie	2011	Action,Sci-Fi	7.7	762231
tt0948470	The Amazing Spider-Man	movie	2012	Action,Sci-Fi	6.9	760969
tt3748528	Rogue One: A Star Wars Story	movie	2016	Action,Adventure,Sci-Fi	7.8	752133
tt1136608	District 9	movie	2009	Action,Sci-Fi,Thriller	7.9	750769
tt0369610	Jurassic World	movie	2015	Action,Adventure,Sci-Fi	6.9	726754
tt1798709	Her	movie	2013	Drama,Romance,Sci-Fi	8.0	724432
tt0418279	Transformers	movie	2007	Action,Adventure,Sci-Fi	7.1	716038
tt1446714	Prometheus	movie	2012	Adventure,Sci-Fi	7.0	697090
tt0413300	Spider-Man 3	movie	2007	Action,Adventure,Sci-Fi	6.3	696549
tt0120903	X-Men	movie	2000	Action,Adventure,Sci-Fi	7.3	689626
tt6723592	Tenet	movie	2020	Action,Sci-Fi,Thriller	7.3	681556
tt0114746	12 Monkeys	movie	1995	Mystery,Sci-Fi,Thriller	8.0	678100
tt0234215	The Matrix Reloaded	movie	2003	Action,Sci-Fi	7.2	668452
tt11286314	Don't Look Up	movie	2021	Comedy,Drama,Sci-Fi	7.1	667668
tt4154664	Captain Marvel	movie	2019	Action,Adventure,Sci-Fi	6.7	655885
tt6644200	A Quiet Place	movie	2018	Drama,Horror,Sci-Fi	7.5	654967
tt1219289	Limitless	movie	2011	Sci-Fi,Thriller	7.4	645214
tt0116629	Independence Day	movie	1996	Action,Adventure,Sci-Fi	7.0	644882
tt0796366	Star Trek	movie	2009	Action,Adventure,Sci-Fi	7.9	637421
tt0470752	Ex Machina	movie	2014	Drama,Sci-Fi,Thriller	7.7	636593
tt1276104	Looper	movie	2012	Action,Drama,Sci-Fi	7.4	627248
tt0096874	Back to the Future Part II	movie	1989	Adventure,Comedy,Sci-Fi	7.8	618841
tt0343818	I, Robot	movie	2004	Action,Mystery,Sci-Fi	7.1	612979
tt0290334	X2: X-Men United	movie	2003	Action,Sci-Fi,Thriller	7.4	610230
tt1318514	Rise of the Planet of the Apes	movie	2011	Action,Drama,Sci-Fi	7.6	604107
tt1270797	Venom	movie	2018	Action,Adventure,Sci-Fi	6.6	603740
tt1872181	The Amazing Spider-Man 2	movie	2014	Action,Adventure,Sci-Fi	6.6	586854
tt1483013	Oblivion	movie	2013	Action,Adventure,Sci-Fi	7.0	584502
tt2872732	Lucy	movie	2014	Action,Sci-Fi,Thriller	6.4	576463
tt0242653	The Matrix Revolutions	movie	2003	Action,Sci-Fi	6.7	573651
tt0376994	X-Men: The Last Stand	movie	2006	Action,Adventure,Sci-Fi	6.6	570891
tt0458525	X-Men Origins: Wolverine	movie	2009	Action,Sci-Fi	6.5	566382
tt0206634	Children of Men	movie	2006	Drama,Sci-Fi,Thriller	7.9	564079
tt0800080	The Incredible Hulk	movie	2008	Action,Adventure,Sci-Fi	6.6	562229
tt1790864	The Maze Runner	movie	2014	Action,Mystery,Sci-Fi	6.8	559699
tt1663662	Pacific Rim	movie	2013	Action,Adventure,Sci-Fi	6.9	557446
tt0475784	Westworld	tvSeries	2016	Drama,Mystery,Sci-Fi	8.4	556857
tt0289879	The Butterfly Effect	movie	2004	Drama,Sci-Fi,Thriller	7.6	554416
tt1951265	The Hunger Games: Mockingjay - Part 1	movie	2014	Action,Adventure,Sci-Fi	6.6	543866
tt0289043	28 Days Later	movie	2002	Drama,Horror,Sci-Fi	7.5	543086
tt0119116	The Fifth Element	movie	1997	Action,Adventure,Sci-Fi	7.6	542010
tt1677720	Ready Player One	movie	2018	Action,Adventure,Sci-Fi	7.4	539241
tt0084787	The Thing	movie	1982	Horror,Mystery,Sci-Fi	8.2	523738
tt1430132	The Wolverine	movie	2013	Action,Sci-Fi	6.7	522600
tt0099088	Back to the Future Part III	movie	1990	Adventure,Comedy,Sci-Fi	7.5	517913
tt0319262	The Day After Tomorrow	movie	2004	Action,Adventure,Sci-Fi	6.5	510279
tt1408101	Star Trek Into Darkness	movie	2013	Action,Adventure,Sci-Fi	7.7	509722
tt0407304	War of the Worlds	movie	2005	Action,Adventure,Sci-Fi	6.6	505519
tt1355644	Passengers	movie	2016	Drama,Romance,Sci-Fi	7.0	493501
tt3385516	X-Men: Apocalypse	movie	2016	Action,Adventure,Sci-Fi	6.8	490848
tt1535108	Elysium	movie	2013	Action,Drama,Sci-Fi	6.6	490495
tt1637688	In Time	movie	2011	Action,Sci-Fi,Thriller	6.7	482006
tt0120591	Armageddon	movie	1998	Action,Adventure,Sci-Fi	6.7	477886
tt0119567	The Lost World: Jurassic Park	movie	1997	Action,Adventure,Sci-Fi	6.6	476458
tt3480822	Black Widow	movie	2021	Action,Adventure,Sci-Fi	6.6	474634
tt0083866	E.T. the Extra-Terrestrial	movie	1982	Adventure,Family,Sci-Fi	7.9	470179
tt0217869	Unbreakable	movie	2000	Drama,Mystery,Sci-Fi	7.3	466533
tt0831387	Godzilla	movie	2014	Action,Adventure,Sci-Fi	6.4	463308
tt1245492	This Is the End	movie	2013	Comedy,Fantasy,Sci-Fi	6.6	454432
tt1055369	Transformers: Revenge of the Fallen	movie	2009	Action,Adventure,Sci-Fi	6.0	452847
tt1060277	Cloverfield	movie	2008	Action,Horror,Sci-Fi	7.0	442852
tt0181852	Terminator 3: Rise of the Machines	movie	2003	Action,Sci-Fi	6.3	436131
tt0119094	Face/Off	movie	1997	Action,Crime,Sci-Fi	7.3	425641
tt1190080	2012	movie	2009	Action,Adventure,Sci-Fi	5.9	420586
tt2737304	Bird Box	movie	2018	Horror,Mystery,Sci-Fi	6.6	420152
tt1706620	Snowpiercer	movie	2013	Action,Sci-Fi,Thriller	7.1	419214
tt0286106	Signs	movie	2002	Drama,Mystery,Sci-Fi	6.8	413060
tt17526714	The Substance	movie	2024	Drama,Horror,Sci-Fi	7.2	412961
tt1951266	The Hunger Games: Mockingjay - Part 2	movie	2015	Action,Adventure,Sci-Fi	6.6	411891
tt3778644	Solo: A Star Wars Story	movie	2018	Action,Adventure,Sci-Fi	6.9	407473
tt5950044	Superman	movie	2025	Action,Adventure,Sci-Fi	7.0	399507
tt1182345	Moon	movie	2009	Drama,Mystery,Sci-Fi	7.8	393724
tt0438488	Terminator Salvation	movie	2009	Action,Adventure,Sci-Fi	6.5	392016
tt1104001	Tron: Legacy	movie	2010	Action,Adventure,Sci-Fi	6.8	386406
tt1371111	Cloud Atlas	movie	2012	Drama,Mystery,Sci-Fi	7.3	385953
tt11280740	Severance	tvSeries	2022	Drama,Mystery,Sci-Fi	8.6	383019
tt1179933	10 Cloverfield Lane	movie	2016	Drama,Horror,Sci-Fi	7.2	382729
tt1650062	Super 8	movie	2011	Action,Sci-Fi,Thriller	7.0	380132
tt0100802	Total Recall	movie	1990	Action,Adventure,Sci-Fi	7.5	379925
tt4881806	Jurassic World: Fallen Kingdom	movie	2018	Action,Adventure,Sci-Fi	6.1	379581
tt0433035	Real Steel	movie	2011	Action,Drama,Sci-Fi	7.1	379564
tt0884328	The Mist	movie	2007	Horror,Sci-Fi,Thriller	7.1	372914
tt0163025	Jurassic Park III	movie	2001	Action,Adventure,Sci-Fi	6.0	368989
tt0238380	Equilibrium	movie	2002	Action,Drama,Sci-Fi	7.3	361537
tt1844624	American Horror Story	tvSeries	2011	Drama,Horror,Sci-Fi	7.9	361354
tt0463854	28 Weeks Later	movie	2007	Horror,Sci-Fi	6.8	360527
tt0103644	Alien³	movie	1992	Action,Horror,Sci-Fi	6.4	351280
tt0119177	Gattaca	movie	1997	Drama,Sci-Fi,Thriller	7.7	345754
tt0120201	Starship Troopers	movie	1997	Action,Adventure,Sci-Fi	7.3	344993
tt0453467	Deja Vu	movie	2006	Action,Crime,Sci-Fi	7.1	344576
tt2316204	Alien: Covenant	movie	2017	Horror,Sci-Fi,Thriller	6.4	343624
tt0399201	The Island	movie	2005	Action,Sci-Fi,Thriller	6.8	341496
tt0212720	A.I. Artificial Intelligence	movie	2001	Adventure,Drama,Sci-Fi	7.2	338282
tt0489099	Jumper	movie	2008	Action,Adventure,Sci-Fi	6.1	337109
tt2397535	Predestination	movie	2014	Action,Drama,Sci-Fi	7.4	333108
tt3464902	The Lobster	movie	2015	Drama,Romance,Sci-Fi	7.1	332323
tt0120611	Blade	movie	1998	Action,Horror,Sci-Fi	7.1	329013
tt0437086	Alita: Battle Angel	movie	2019	Action,Adventure,Sci-Fi	7.3	322632
tt8228288	The Platform	movie	2019	Horror,Mystery,Sci-Fi	7.0	322286
tt8332922	A Quiet Place Part II	movie	2020	Drama,Horror,Sci-Fi	7.2	320523
tt12037194	Furiosa: A Mad Max Saga	movie	2024	Action,Adventure,Sci-Fi	7.5	317560
tt0379786	Serenity	movie	2005	Action,Adventure,Sci-Fi	7.8	314860
tt10954984	Nope	movie	2022	Horror,Mystery,Sci-Fi	6.8	313895
tt1213663	The World's End	movie	2013	Action,Comedy,Sci-Fi	6.9	312219
tt0118884	Contact	movie	1997	Drama,Mystery,Sci-Fi	7.5	311777
tt1343727	Dredd	movie	2012	Action,Crime,Sci-Fi	7.1	311258
tt0120804	Resident Evil	movie	2002	Action,Horror,Sci-Fi	6.6	309140
tt1133985	Green Lantern	movie	2011	Action,Adventure,Sci-Fi	5.5	308031
tt0093870	RoboCop	movie	1987	Action,Crime,Sci-Fi	7.6	307569
tt1340138	Terminator Genisys	movie	2015	Action,Adventure,Sci-Fi	6.3	306652
tt4046784	Maze Runner: The Scorch Trials	movie	2015	Action,Adventure,Sci-Fi	6.3	305867
tt0348150	Superman Returns	movie	2006	Action,Adventure,Sci-Fi	6.1	302537
tt2661044	The 100	tvSeries	2014	Action,Drama,Sci-Fi	7.5	302507
tt10838180	The Matrix Resurrections	movie	2021	Action,Sci-Fi	5.6	301931
tt0303461	Firefly	tvSeries	2002	Adventure,Drama,Sci-Fi	8.9	300925
tt0401729	John Carter	movie	2012	Action,Adventure,Sci-Fi	6.6	298471
tt5834204	The Handmaid's Tale	tvSeries	2017	Drama,Sci-Fi,Thriller	8.3	295233
tt0286716	Hulk	movie	2003	Action,Sci-Fi	5.7	291916
tt0118583	Alien: Resurrection	movie	1997	Action,Horror,Sci-Fi	6.2	291211
tt0448134	Sunshine	movie	2007	Sci-Fi,Thriller	7.2	285648
tt18412256	Alien: Romulus	movie	2024	Horror,Sci-Fi,Thriller	7.1	284125
tt0118688	Batman & Robin	movie	1997	Action,Sci-Fi	3.8	281737
tt1092026	Paul	movie	2011	Adventure,Comedy,Sci-Fi	6.9	281112
tt5442430	Life	movie	2017	Horror,Sci-Fi,Thriller	6.6	276137
tt1386703	Total Recall	movie	2012	Action,Adventure,Sci-Fi	6.2	275976
tt2660888	Star Trek Beyond	movie	2016	Action,Adventure,Sci-Fi	7.0	269488
tt1119644	Fringe	tvSeries	2008	Drama,Mystery,Sci-Fi	8.4	269447
tt1440129	Battleship	movie	2012	Action,Adventure,Sci-Fi	5.8	268793
tt5034838	Godzilla vs. Kong	movie	2021	Action,Sci-Fi,Thriller	6.3	265962
tt1731141	Ender's Game	movie	2013	Action,Adventure,Sci-Fi	6.6	264389
tt0134847	Pitch Black	movie	2000	Horror,Sci-Fi,Thriller	7.0	263298
tt0436992	Doctor Who	tvSeries	2005	Adventure,Drama,Sci-Fi	8.5	262217
tt1424381	Predators	movie	2010	Action,Adventure,Sci-Fi	6.4	261824
tt0448011	Knowing	movie	2009	Mystery,Sci-Fi,Thriller	6.2	261468
tt0123755	Cube	movie	1997	Horror,Mystery,Sci-Fi	7.1	260767
tt8466564	Obi-Wan Kenobi	tvMiniSeries	2022	Action,Adventure,Sci-Fi	7.0	260719
tt2184339	The Purge	movie	2013	Horror,Sci-Fi,Thriller	5.8	259592
tt0116996	Mars Attacks!	movie	1996	Comedy,Sci-Fi	6.4	257818
tt10676052	The Fantastic Four: First Steps	movie	2025	Action,Adventure,Sci-Fi	6.8	254911
tt1464540	I Am Number Four	movie	2011	Action,Adventure,Sci-Fi	6.1	252615
tt0187738	Blade II	movie	2002	Action,Horror,Sci-Fi	6.7	251798
tt0296572	The Chronicles of Riddick	movie	2004	Action,Adventure,Sci-Fi	6.6	251186
tt1234721	RoboCop	movie	2014	Action,Crime,Sci-Fi	6.1	248744
tt2209764	Transcendence	movie	2014	Drama,Sci-Fi,Thriller	6.2	246546
tt8041270	Jurassic World: Dominion	movie	2022	Action,Adventure,Sci-Fi	5.6	244541
tt0079501	Mad Max	movie	1979	Action,Adventure,Sci-Fi	6.8	244120
tt0133152	Planet of the Apes	movie	2001	Action,Adventure,Sci-Fi	5.7	241462
tt0409847	Cowboys & Aliens	movie	2011	Action,Drama,Sci-Fi	6.0	241353
tt2364582	Agents of S.H.I.E.L.D.	tvSeries	2013	Action,Adventure,Sci-Fi	7.5	234729
tt6499752	Upgrade	movie	2018	Action,Sci-Fi,Thriller	7.5	232509
tt0075860	Close Encounters of the Third Kind	movie	1977	Drama,Sci-Fi	7.6	232340
tt1462764	Indiana Jones and the Dial of Destiny	movie	2023	Action,Adventure,Sci-Fi	6.5	231623
tt0452608	Death Race	movie	2008	Action,Sci-Fi,Thriller	6.4	228071
tt6565702	X-Men: Dark Phoenix	movie	2019	Action,Adventure,Sci-Fi	5.7	226892
tt0949731	The Happening	movie	2008	Adventure,Drama,Sci-Fi	5.0	226461
tt0094012	Spaceballs	movie	1987	Adventure,Comedy,Sci-Fi	7.1	225933
tt0118929	Dark City	movie	1998	Fantasy,Mystery,Sci-Fi	7.5	225547
tt0114898	Waterworld	movie	1995	Action,Adventure,Sci-Fi	6.3	223835
tt0091064	The Fly	movie	1986	Drama,Horror,Sci-Fi	7.6	223283
tt0088846	Brazil	movie	1985	Drama,Sci-Fi,Thriller	7.8	222087
tt1046173	G.I. Joe: The Rise of Cobra	movie	2009	Action,Adventure,Sci-Fi	5.7	221169
tt0318627	Resident Evil: Apocalypse	movie	2004	Action,Horror,Sci-Fi	6.1	220526
tt2094766	Assassin's Creed	movie	2016	Action,Adventure,Sci-Fi	5.6	218659
tt0111282	Stargate	movie	1994	Action,Adventure,Sci-Fi	7.0	218448
tt0371724	The Hitchhiker's Guide to the Galaxy	movie	2005	Adventure,Comedy,Sci-Fi	6.7	216684
tt0432021	Resident Evil: Extinction	movie	2007	Action,Horror,Sci-Fi	6.2	215064
tt0387808	Idiocracy	movie	2006	Adventure,Comedy,Sci-Fi	6.5	214344
tt0119081	Event Horizon	movie	1997	Horror,Sci-Fi,Thriller	6.6	213933
tt0120685	Godzilla	movie	1998	Action,Sci-Fi,Thriller	5.5	212710
tt0082694	The Road Warrior	movie	1981	Action,Adventure,Sci-Fi	7.6	212643
tt6450804	Terminator: Dark Fate	movie	2019	Action,Adventure,Sci-Fi	6.2	211406
tt14688458	Silo	tvSeries	2023	Drama,Mystery,Sci-Fi	8.1	210834
tt0063442	Planet of the Apes	movie	1968	Adventure,Sci-Fi	8.0	210167
tt0106697	Demolition Man	movie	1993	Action,Sci-Fi,Thriller	6.7	208289
tt13668894	The Book of Boba Fett	tvMiniSeries	2021	Action,Adventure,Sci-Fi	7.1	208007
tt1527186	Melancholia	movie	2011	Drama,Sci-Fi	7.1	207603
tt4701182	Bumblebee	movie	2018	Action,Adventure,Sci-Fi	6.7	207226
tt0078346	Superman	movie	1978	Action,Adventure,Sci-Fi	7.4	207034
tt10548174	28 Years Later	movie	2025	Horror,Sci-Fi,Thriller	6.6	205340
tt0120647	Deep Impact	movie	1998	Action,Drama,Sci-Fi	6.3	204671
tt0272152	K-PAX	movie	2001	Drama,Mystery,Sci-Fi	7.4	202171
tt0100403	Predator 2	movie	1990	Action,Horror,Sci-Fi	6.3	201318
tt0359013	Blade: Trinity	movie	2004	Action,Horror,Sci-Fi	5.8	200627
tt2231461	Rampage	movie	2018	Action,Adventure,Sci-Fi	6.1	200619
tt0017136	Metropolis	movie	1927	Drama,Sci-Fi	8.2	200560
tt1628841	Independence Day: Resurgence	movie	2016	Action,Adventure,Sci-Fi	5.2	199024
tt1231587	Hot Tub Time Machine	movie	2010	Comedy,Sci-Fi	6.4	197941
tt0087544	Nausicaä of the Valley of the Wind	movie	1984	Adventure,Animation,Sci-Fi	8.0	196396
tt1583421	G.I. Joe: Retaliation	movie	2013	Action,Adventure,Sci-Fi	5.7	192789
tt0087182	Dune	movie	1984	Action,Adventure,Sci-Fi	6.2	192234
tt1502712	Fantastic Four	movie	2015	Action,Adventure,Sci-Fi	4.3	192097
tt31036941	Jurassic World: Rebirth	movie	2025	Action,Adventure,Sci-Fi	5.8	191291
tt0177789	Galaxy Quest	movie	1999	Adventure,Comedy,Sci-Fi	7.4	190973
tt3230854	The Expanse	tvSeries	2015	Drama,Mystery,Sci-Fi	8.5	190870
tt1217613	Battle Los Angeles	movie	2011	Action,Adventure,Sci-Fi	5.7	190231
tt0093894	The Running Man	movie	1987	Action,Sci-Fi,Thriller	6.6	190172
tt4500922	Maze Runner: The Death Cure	movie	2018	Action,Adventure,Sci-Fi	6.3	190026
tt1220634	Resident Evil: Afterlife	movie	2010	Action,Horror,Sci-Fi	5.8	187137
tt0970416	The Day the Earth Stood Still	movie	2008	Adventure,Drama,Sci-Fi	5.5	186903
tt1411250	Riddick	movie	2013	Action,Adventure,Sci-Fi	6.4	185923
tt0986263	Surrogates	movie	2009	Action,Sci-Fi,Thriller	6.3	184723
tt8760708	M3GAN	movie	2022	Horror,Sci-Fi,Thriller	6.3	180789
tt14513804	Captain America: Brave New World	movie	2025	Action,Adventure,Sci-Fi	5.6	179707
tt0435705	Next	movie	2007	Action,Sci-Fi,Thriller	6.2	174443
tt13433802	A Quiet Place: Day One	movie	2024	Drama,Horror,Sci-Fi	6.3	173957
tt0120891	Wild Wild West	movie	1999	Action,Comedy,Sci-Fi	4.9	173174
tt2975578	The Purge: Anarchy	movie	2014	Action,Horror,Sci-Fi	6.4	172275
tt0082340	Escape from New York	movie	1981	Action,Adventure,Sci-Fi	7.1	171944
tt26584495	Companion	movie	2025	Sci-Fi,Thriller	6.9	171799
tt2866360	Coherence	movie	2013	Mystery,Sci-Fi,Thriller	7.2	171402
tt2431438	Sense8	tvSeries	2015	Drama,Mystery,Sci-Fi	8.2	171098
tt12300742	Bugonia	movie	2025	Comedy,Crime,Sci-Fi	7.4	169788
tt0096256	They Live	movie	1988	Action,Horror,Sci-Fi	7.2	163151
tt10676048	The Marvels	movie	2023	Action,Adventure,Sci-Fi	5.5	162562
tt3829266	The Predator	movie	2018	Action,Adventure,Sci-Fi	5.3	162128
tt0089530	Mad Max Beyond Thunderdome	movie	1985	Action,Adventure,Sci-Fi	6.2	161808
tt1855325	Resident Evil: Retribution	movie	2012	Action,Horror,Sci-Fi	5.3	158275
tt0079944	Stalker	movie	1979	Drama,Sci-Fi	8.0	156265
tt0905372	The Thing	movie	2011	Horror,Mystery,Sci-Fi	6.3	154226
tt3743822	Fear the Walking Dead	tvSeries	2015	Drama,Horror,Sci-Fi	6.8	153566
tt0242423	Dude, Where's My Car?	movie	2000	Comedy,Mystery,Sci-Fi	5.5	152381
tt0149261	Deep Blue Sea	movie	1999	Action,Adventure,Sci-Fi	5.9	151034
tt1187064	Triangle	movie	2009	Fantasy,Mystery,Sci-Fi	6.9	147653
tt0133751	The Faculty	movie	1998	Horror,Mystery,Sci-Fi	6.6	146998
tt0758730	Aliens vs. Predator: Requiem	movie	2007	Action,Horror,Sci-Fi	4.6	146323
tt0164052	Hollow Man	movie	2000	Action,Horror,Sci-Fi	5.9	146047
tt0084827	Tron	movie	1982	Action,Adventure,Sci-Fi	6.7	145693
tt1034032	Gamer	movie	2009	Action,Sci-Fi,Thriller	5.7	143755
tt0251075	Evolution	movie	2001	Comedy,Sci-Fi	6.1	142673
tt0468492	The Host	movie	2006	Drama,Horror,Sci-Fi	7.1	142567
tt22202452	Pluribus	tvSeries	2025	Drama,Sci-Fi	8.0	141899
tt0433362	Daybreakers	movie	2009	Action,Horror,Sci-Fi	6.4	140678
tt1298649	The Watch	movie	2012	Comedy,Sci-Fi	5.7	137628
tt31227572	Predator: Badlands	movie	2025	Action,Adventure,Sci-Fi	7.2	137183
tt1389072	Downsizing	movie	2017	Drama,Fantasy,Sci-Fi	5.8	137178
tt0402022	Æon Flux	movie	2005	Action,Adventure,Sci-Fi	5.4	136808
tt2557478	Pacific Rim: Uprising	movie	2018	Action,Adventure,Sci-Fi	5.6	136639
tt0268695	The Time Machine	movie	2002	Action,Adventure,Sci-Fi	6.0	135683
tt0084726	Star Trek II: The Wrath of Khan	movie	1982	Action,Adventure,Sci-Fi	7.7	135479
tt0216216	The 6th Day	movie	2000	Action,Mystery,Sci-Fi	6.0	133642
tt1981128	Geostorm	movie	2017	Action,Sci-Fi,Thriller	5.4	132221
tt0113492	Judge Dredd	movie	1995	Action,Crime,Sci-Fi	5.6	131849
tt0182789	Bicentennial Man	movie	1999	Drama,Romance,Sci-Fi	6.9	131596
tt1025100	Gemini Man	movie	2019	Action,Sci-Fi,Thriller	5.7	130672
tt0117218	The Nutty Professor	movie	1996	Comedy,Romance,Sci-Fi	5.7	130643
tt0435651	The Giver	movie	2014	Drama,Romance,Sci-Fi	6.4	130456
tt5090568	Transformers: Rise of the Beasts	movie	2023	Action,Adventure,Sci-Fi	6.0	130406
tt2304933	The 5th Wave	movie	2016	Action,Adventure,Sci-Fi	5.2	125966
tt0804484	Foundation	tvSeries	2021	Drama,Sci-Fi	7.6	125342
tt2234222	Orphan Black	tvSeries	2013	Drama,Sci-Fi,Thriller	8.3	124470
tt0081573	Superman II	movie	1980	Action,Adventure,Sci-Fi	6.8	124264
tt0419706	Doom	movie	2005	Action,Horror,Sci-Fi	5.2	123555
tt0368008	The Manchurian Candidate	movie	2004	Drama,Mystery,Sci-Fi	6.6	122600
tt1740299	The Man in the High Castle	tvSeries	2015	Drama,Sci-Fi,Thriller	7.9	122547
tt0390384	Primer	movie	2004	Drama,Sci-Fi,Thriller	6.7	121197
tt0086567	WarGames	movie	1983	Action,Drama,Sci-Fi	7.1	120966
tt2548396	The Cloverfield Paradox	movie	2018	Horror,Sci-Fi,Thriller	5.5	120642
tt0465580	Push	movie	2009	Action,Sci-Fi,Thriller	6.1	119342
tt4094724	The Purge: Election Year	movie	2016	Action,Horror,Sci-Fi	6.0	118702
tt1553656	Under the Dome	tvSeries	2013	Drama,Mystery,Sci-Fi	6.5	118404
tt0120184	Sphere	movie	1998	Mystery,Sci-Fi,Thriller	6.1	118272
tt0338337	Paycheck	movie	2003	Action,Mystery,Sci-Fi	6.3	118169
tt0079574	Moonraker	movie	1979	Action,Adventure,Sci-Fi	6.3	116962
tt9362930	Blue Beetle	movie	2023	Action,Adventure,Sci-Fi	5.9	115818
tt0209958	The Cell	movie	2000	Crime,Horror,Sci-Fi	6.4	115681
tt4530422	Overlord	movie	2018	Action,Horror,Sci-Fi	6.6	115283
tt0298814	The Core	movie	2003	Action,Adventure,Sci-Fi	5.5	115100
tt1053424	Repo Men	movie	2010	Action,Sci-Fi,Thriller	6.3	114000
tt0120907	eXistenZ	movie	1999	Horror,Mystery,Sci-Fi	6.8	113337
tt0086541	Videodrome	movie	1983	Drama,Horror,Sci-Fi	7.2	112500
tt5834426	Moonfall	movie	2022	Action,Adventure,Sci-Fi	5.2	112057
tt3420504	Finch	movie	2021	Adventure,Drama,Sci-Fi	6.9	110900
tt7949218	See	tvSeries	2019	Action,Drama,Sci-Fi	7.6	110361
tt2934286	Halo	tvSeries	2022	Action,Adventure,Sci-Fi	7.3	109795
tt5691552	The Orville	tvSeries	2017	Adventure,Comedy,Sci-Fi	8.0	108611
tt3072482	Hardcore Henry	movie	2015	Action,Adventure,Sci-Fi	6.7	108378
tt2592614	Resident Evil: The Final Chapter	movie	2016	Action,Horror,Sci-Fi	5.5	107896
tt2140379	Self/less	movie	2015	Action,Mystery,Sci-Fi	6.5	107798
tt1017460	Splice	movie	2009	Horror,Sci-Fi	5.8	106308
tt12261776	65	movie	2023	Action,Adventure,Sci-Fi	5.4	106125
tt6292852	I Am Mother	movie	2019	Drama,Mystery,Sci-Fi	6.7	105810
tt0090305	Weird Science	movie	1985	Comedy,Romance,Sci-Fi	6.6	105390
tt4287320	The Circle	movie	2017	Drama,Mystery,Sci-Fi	5.4	105168
tt0418819	Land of the Dead	movie	2005	Horror,Sci-Fi,Thriller	6.2	104742
tt1549572	Another Earth	movie	2011	Drama,Romance,Sci-Fi	6.9	104095
tt8421350	Manifest	tvSeries	2018	Drama,Mystery,Sci-Fi	7.0	103902
tt7550000	Project Power	movie	2020	Action,Crime,Sci-Fi	6.0	103370
tt1592525	Lockout	movie	2012	Action,Sci-Fi,Thriller	6.0	103309
tt5114356	Legion	tvSeries	2017	Action,Sci-Fi,Thriller	8.1	103304
tt0079945	Star Trek: The Motion Picture	movie	1979	Adventure,Mystery,Sci-Fi	6.4	102131
tt13623632	Alien: Earth	tvSeries	2025	Horror,Sci-Fi,Thriller	7.1	101856
tt0105698	Universal Soldier	movie	1992	Action,Sci-Fi	6.1	101473
tt0285531	Dreamcatcher	movie	2003	Drama,Horror,Sci-Fi	5.6	101031
tt0364970	Babylon A.D.	movie	2008	Action,Adventure,Sci-Fi	5.5	100804
tt0060028	Star Trek	tvSeries	1966	Action,Adventure,Sci-Fi	8.4	100404
tt0119137	Flubber	movie	1997	Comedy,Family,Sci-Fi	5.3	99923
tt0267804	The One	movie	2001	Action,Sci-Fi,Thriller	5.9	99694
tt0100502	RoboCop 2	movie	1990	Action,Crime,Sci-Fi	5.8	99690
tt0099582	Flatliners	movie	1990	Drama,Horror,Sci-Fi	6.6	98496
tt12042730	Project Hail Mary	movie	2026	Drama,Sci-Fi,Thriller	8.5	97828
tt1213644	Disaster Movie	movie	2008	Comedy,Sci-Fi	1.9	97803
tt0092007	Star Trek IV: The Voyage Home	movie	1986	Adventure,Comedy,Sci-Fi	7.3	96442
tt0439815	Slither	movie	2006	Comedy,Horror,Sci-Fi	6.5	94684
tt1564585	Skyline	movie	2010	Action,Sci-Fi,Thriller	4.5	94293
tt10539608	The Midnight Sky	movie	2020	Adventure,Drama,Sci-Fi	5.7	94288
tt0290095	The Tuxedo	movie	2002	Action,Comedy,Sci-Fi	5.4	93314
tt5580146	Maniac	tvMiniSeries	2018	Comedy,Drama,Sci-Fi	7.6	92769
tt9170108	Raised by Wolves	tvSeries	2020	Drama,Fantasy,Sci-Fi	7.4	92617
tt0114508	Species	movie	1995	Action,Horror,Sci-Fi	5.9	91564
tt1634106	Bloodshot	movie	2020	Action,Adventure,Sci-Fi	5.7	90882
tt8291284	The Peripheral	tvSeries	2022	Drama,Mystery,Sci-Fi	7.5	90781
tt0088170	Star Trek III: The Search for Spock	movie	1984	Action,Adventure,Sci-Fi	6.7	90490
tt7826376	Upload	tvSeries	2020	Comedy,Mystery,Sci-Fi	7.8	89834
tt0043456	The Day the Earth Stood Still	movie	1951	Drama,Sci-Fi	7.7	89743
tt8368406	Vivarium	movie	2019	Horror,Mystery,Sci-Fi	5.9	89589
tt14107334	The Running Man	movie	2025	Action,Adventure,Sci-Fi	6.4	88738
tt2436386	Project Almanac	movie	2015	Drama,Mystery,Sci-Fi	6.4	87886
tt0087803	1984	movie	1984	Drama,Sci-Fi	7.0	87785
tt0253754	Star Trek: Nemesis	movie	2002	Action,Adventure,Sci-Fi	6.4	87734
tt0427392	The Invasion	movie	2007	Sci-Fi,Thriller	5.9	87716
tt0021884	Frankenstein	movie	1931	Drama,Horror,Sci-Fi	7.7	87669
tt0120461	Volcano	movie	1997	Action,Drama,Sci-Fi	5.6	86797
tt2649554	Midnight Special	movie	2016	Drama,Mystery,Sci-Fi	6.6	86516
tt0370032	Ultraviolet	movie	2006	Action,Sci-Fi	4.4	86401
tt1418377	I, Frankenstein	movie	2014	Action,Fantasy,Sci-Fi	5.1	86186
tt1220198	The Fourth Kind	movie	2009	Horror,Mystery,Sci-Fi	5.9	85968
tt0185183	Battlefield Earth	movie	2000	Action,Adventure,Sci-Fi	2.5	85701
tt0116225	Escape from L.A.	movie	1996	Action,Adventure,Sci-Fi	5.7	85650
tt7772588	For All Mankind	tvSeries	2019	Drama,Sci-Fi	8.1	85325
tt0102975	Star Trek VI: The Undiscovered Country	movie	1991	Action,Adventure,Sci-Fi	7.3	84957
tt0114558	Strange Days	movie	1995	Crime,Drama,Sci-Fi	7.2	84818
tt2387433	Dark Skies	movie	2013	Horror,Sci-Fi,Thriller	6.3	84703
tt0426592	Superhero Movie	movie	2008	Action,Comedy,Sci-Fi	4.8	83823
tt1082868	Quarantine	movie	2008	Horror,Sci-Fi,Thriller	6.0	83179
tt0120844	Star Trek: Insurrection	movie	1998	Action,Adventure,Sci-Fi	6.4	82971
tt0139809	The Thirteenth Floor	movie	1999	Mystery,Sci-Fi,Thriller	7.0	82599
tt0483607	Doomsday	movie	2008	Action,Sci-Fi,Thriller	5.9	82250
tt0462465	Outlander	movie	2008	Action,Adventure,Sci-Fi	6.2	81443
tt0077745	Invasion of the Body Snatchers	movie	1978	Horror,Sci-Fi	7.4	81057
tt0113481	Johnny Mnemonic	movie	1995	Action,Drama,Sci-Fi	5.6	80827
tt0183523	Mission to Mars	movie	2000	Adventure,Sci-Fi,Thriller	5.7	79538
tt2051879	Europa Report	movie	2013	Drama,Mystery,Sci-Fi	6.4	79109
tt14509110	No One Will Save You	movie	2023	Horror,Mystery,Sci-Fi	6.2	78794
tt0089885	Re-Animator	movie	1985	Comedy,Horror,Sci-Fi	7.1	78275
tt6133466	The First Purge	movie	2018	Action,Horror,Sci-Fi	5.2	78024
tt0110216	Junior	movie	1994	Comedy,Romance,Sci-Fi	4.8	77807
tt0120738	Lost in Space	movie	1998	Action,Adventure,Sci-Fi	5.2	77608
tt0414852	District B13	movie	2004	Action,Crime,Sci-Fi	7.1	77246
tt0089907	The Return of the Living Dead	movie	1985	Comedy,Horror,Sci-Fi	7.3	76973
tt0125659	Open Your Eyes	movie	1997	Drama,Mystery,Sci-Fi	7.7	76906
tt6604188	Tron: Ares	movie	2025	Action,Adventure,Sci-Fi	6.2	76358
tt1374992	Upside Down	movie	2012	Drama,Romance,Sci-Fi	6.3	75754
tt12735488	Kalki 2898 AD	movie	2024	Action,Adventure,Sci-Fi	7.0	75522
tt0070723	Soylent Green	movie	1973	Crime,Mystery,Sci-Fi	7.0	75025
tt0480669	Timecrimes	movie	2007	Horror,Mystery,Sci-Fi	7.1	74963
tt3014866	Criminal	movie	2016	Action,Sci-Fi,Thriller	6.3	74757
tt12327578	Star Trek: Strange New Worlds	tvSeries	2022	Action,Adventure,Sci-Fi	8.2	74695
tt0099365	Darkman	movie	1990	Action,Sci-Fi,Thriller	6.4	74616
tt6156584	Snowpiercer	tvSeries	2020	Action,Drama,Sci-Fi	6.9	74410
tt15940132	War Machine	movie	2026	Action,Sci-Fi,Thriller	6.3	73855
tt0327162	The Stepford Wives	movie	2004	Comedy,Horror,Sci-Fi	5.4	73459
tt32141377	28 Years Later: The Bone Temple	movie	2026	Horror,Sci-Fi,Thriller	7.3	73420
tt19231492	Dark Matter	tvSeries	2024	Drama,Sci-Fi,Thriller	7.6	73210
tt4687108	In the Tall Grass	movie	2019	Horror,Mystery,Sci-Fi	5.5	73059
tt0088933	Cocoon	movie	1985	Comedy,Drama,Sci-Fi	6.7	73024
tt0285492	Cube²: Hypercube	movie	2002	Horror,Mystery,Sci-Fi	5.5	72922
tt2910814	The Signal	movie	2014	Drama,Mystery,Sci-Fi	6.0	72505
tt5651844	Travelers	tvSeries	2016	Drama,Mystery,Sci-Fi	8.0	71840
tt6920084	Resident Evil: Welcome to Raccoon City	movie	2021	Action,Horror,Sci-Fi	5.2	71434
tt0384116	G.O.R.A.	movie	2004	Adventure,Comedy,Sci-Fi	8.0	71396
tt0356618	The Forgotten	movie	2004	Drama,Mystery,Sci-Fi	5.8	71025
tt3272066	Reminiscence	movie	2021	Mystery,Romance,Sci-Fi	5.9	70733
tt2106651	Spectral	movie	2016	Action,Adventure,Sci-Fi	6.3	70433
tt0091949	Short Circuit	movie	1986	Comedy,Family,Sci-Fi	6.6	70399
tt6654210	Infinite	movie	2021	Action,Sci-Fi,Thriller	5.5	70227
tt0111438	Timecop	movie	1994	Action,Crime,Sci-Fi	6.0	69544
tt0465624	My Super Ex-Girlfriend	movie	2006	Comedy,Romance,Sci-Fi	5.2	69340
tt0300556	Timeline	movie	2003	Action,Adventure,Sci-Fi	5.6	69186
tt2402207	The Last Ship	tvSeries	2014	Action,Drama,Sci-Fi	7.4	68708
tt0085636	Halloween III: Season of the Witch	movie	1982	Horror,Mystery,Sci-Fi	5.2	67559
tt0081455	Scanners	movie	1981	Horror,Sci-Fi,Thriller	6.7	67388
tt0255798	The Animal	movie	2001	Comedy,Sci-Fi	4.9	67362
tt0070909	Westworld	movie	1973	Action,Drama,Sci-Fi	6.9	67008
tt1439572	Perfect Sense	movie	2011	Drama,Romance,Sci-Fi	7.0	66969
tt0211443	Jason X	movie	2001	Action,Horror,Sci-Fi	4.5	66635
tt1954347	Continuum	tvSeries	2012	Action,Sci-Fi,Thriller	7.6	66474
tt0080745	Flash Gordon	movie	1980	Action,Adventure,Sci-Fi	6.5	65996
tt10944760	Titane	movie	2021	Drama,Horror,Sci-Fi	6.4	65808
tt0212712	2046	movie	2004	Drama,Romance,Sci-Fi	7.4	65506
tt0074812	Logan's Run	movie	1976	Action,Adventure,Sci-Fi	6.8	65340
tt12908150	The Life of Chuck	movie	2024	Drama,Fantasy,Sci-Fi	7.3	65109
tt5073642	Color Out of Space	movie	2019	Horror,Mystery,Sci-Fi	6.1	64419
tt0258153	S1m0ne	movie	2002	Comedy,Drama,Sci-Fi	6.1	64166
tt1976009	Victor Frankenstein	movie	2015	Drama,Horror,Sci-Fi	6.0	63492
tt1441135	Flashforward	tvSeries	2009	Drama,Mystery,Sci-Fi	7.6	63325
tt0120157	Soldier	movie	1998	Action,Drama,Sci-Fi	6.1	62639
tt0199753	Red Planet	movie	2000	Action,Sci-Fi,Thriller	5.7	62358
tt0106598	Coneheads	movie	1993	Comedy,Sci-Fi	5.5	61943
tt3201640	Extinction	movie	2018	Action,Drama,Sci-Fi	5.8	61863
tt1971325	Automata	movie	2014	Action,Drama,Sci-Fi	6.0	61649
tt0228333	Ghosts of Mars	movie	2001	Action,Horror,Sci-Fi	4.9	61566
tt1307824	V	tvSeries	2009	Drama,Sci-Fi,Thriller	6.8	60982
tt0086837	2010: The Year We Make Contact	movie	1984	Adventure,Mystery,Sci-Fi	6.7	60944
tt0083530	Airplane II: The Sequel	movie	1982	Comedy,Sci-Fi	6.2	60716
tt5968394	Captive State	movie	2019	Sci-Fi,Thriller	6.0	60399
tt8663516	Child's Play	movie	2019	Drama,Horror,Sci-Fi	5.7	60326
tt1772240	Apollo 18	movie	2011	Horror,Mystery,Sci-Fi	5.2	60060
tt0119675	Mimic	movie	1997	Horror,Sci-Fi	6.0	59592
tt0115857	Chain Reaction	movie	1996	Action,Drama,Sci-Fi	5.7	59579
tt0049366	Invasion of the Body Snatchers	movie	1956	Drama,Horror,Sci-Fi	7.7	59499
tt0115082	3rd Rock from the Sun	tvSeries	1996	Comedy,Family,Sci-Fi	7.8	59020
tt0138304	The Astronaut's Wife	movie	1999	Drama,Sci-Fi,Thriller	5.4	58951
tt0026138	Bride of Frankenstein	movie	1935	Drama,Horror,Sci-Fi	7.8	58798
tt3922818	The Space Between Us	movie	2017	Drama,Romance,Sci-Fi	6.4	58660
tt0382992	Stealth	movie	2005	Action,Adventure,Sci-Fi	5.1	58403
tt0094074	Superman IV: The Quest for Peace	movie	1987	Action,Adventure,Sci-Fi	3.8	58234
tt0107978	RoboCop 3	movie	1993	Action,Crime,Sci-Fi	4.2	58137
tt0065462	Beneath the Planet of the Apes	movie	1970	Action,Adventure,Sci-Fi	6.0	57498
tt0066434	THX 1138	movie	1971	Drama,Sci-Fi,Thriller	6.6	57421
tt17220216	Monarch: Legacy of Monsters	tvSeries	2023	Action,Adventure,Sci-Fi	7.0	57355
tt9737326	Invasion	tvSeries	2021	Drama,Fantasy,Sci-Fi	6.2	57260
tt0088172	Starman	movie	1984	Romance,Sci-Fi	7.0	57048
tt8134186	Devs	tvMiniSeries	2020	Drama,Mystery,Sci-Fi	7.6	56999
tt0049223	Forbidden Planet	movie	1956	Adventure,Sci-Fi	7.5	56978
tt3986820	The Endless	movie	2017	Horror,Mystery,Sci-Fi	6.5	56511
tt9203694	Stowaway	movie	2021	Adventure,Sci-Fi,Thriller	5.7	56496
tt7315484	The Silence	movie	2019	Drama,Horror,Sci-Fi	5.4	55646
tt1286039	Stargate Universe	tvSeries	2009	Drama,Sci-Fi	7.6	55536
tt0144528	Nutty Professor II: The Klumps	movie	2000	Comedy,Romance,Sci-Fi	4.5	55527
tt2384811	Utopia	tvSeries	2013	Drama,Mystery,Sci-Fi	8.4	55527
tt1727770	Absolutely Anything	movie	2015	Comedy,Sci-Fi	6.0	54233
tt15552142	Caddo Lake	movie	2024	Drama,Mystery,Sci-Fi	6.8	53998
tt1135300	Dollhouse	tvSeries	2009	Drama,Mystery,Sci-Fi	7.7	53625
tt5918982	Possessor	movie	2020	Horror,Mystery,Sci-Fi	6.5	53455
tt2669336	Time Lapse	movie	2014	Mystery,Sci-Fi,Thriller	6.5	52778
tt0104291	Forever Young	movie	1992	Drama,Romance,Sci-Fi	6.4	52634
tt3860916	Cargo	movie	2017	Drama,Horror,Sci-Fi	6.3	52221
tt0095444	Killer Klowns from Outer Space	movie	1988	Comedy,Horror,Sci-Fi	6.2	52153
tt5397194	Anon	movie	2018	Crime,Mystery,Sci-Fi	6.1	51771
tt1562871	Ra.One	movie	2011	Action,Sci-Fi,Thriller	5.0	51666
tt0092610	Bad Taste	movie	1987	Comedy,Horror,Sci-Fi	6.5	51290
tt0848557	Diary of the Dead	movie	2007	Fantasy,Horror,Sci-Fi	5.5	51011
tt14577874	It's What's Inside	movie	2024	Comedy,Mystery,Sci-Fi	6.6	50859
tt26342662	M3GAN 2.0	movie	2025	Action,Sci-Fi,Thriller	6.0	50778
tt6803046	The Vast of Night	movie	2019	Drama,Mystery,Sci-Fi	6.7	49761
tt4520364	Morgan	movie	2016	Action,Horror,Sci-Fi	5.9	49638
tt0087597	The Last Starfighter	movie	1984	Action,Adventure,Sci-Fi	6.7	49625
tt9660182	Resident Evil	tvSeries	2022	Action,Horror,Sci-Fi	4.2	49278
tt1160996	The Colony	movie	2013	Action,Horror,Sci-Fi	5.3	49276
tt0094761	The Blob	movie	1988	Horror,Sci-Fi,Thriller	6.7	48996
tt1286126	A.R.O.G	movie	2008	Comedy,Sci-Fi	7.4	48807
tt1881002	Maggie	movie	2015	Drama,Horror,Sci-Fi	5.6	48786
tt2918436	The Lazarus Effect	movie	2015	Horror,Mystery,Sci-Fi	5.2	48620
tt0369226	Alone in the Dark	movie	2005	Action,Horror,Sci-Fi	2.4	48390
tt0389564	The 4400	tvSeries	2004	Drama,Mystery,Sci-Fi	7.3	48376
tt0054387	The Time Machine	movie	1960	Adventure,Romance,Sci-Fi	7.5	48273
tt6341832	Oxygen	movie	2021	Drama,Fantasy,Sci-Fi	6.5	48030
tt1714203	Piranha 3DD	movie	2012	Comedy,Horror,Sci-Fi	3.8	47809
tt9873892	They Cloned Tyrone	movie	2023	Comedy,Mystery,Sci-Fi	6.7	47659
tt1754700	The Prototype	movie	2022	Action,Sci-Fi,Thriller	2.2	47569
tt0462335	High-Rise	movie	2015	Drama,Sci-Fi	5.5	47439
tt0060390	Fahrenheit 451	movie	1966	Drama,Sci-Fi	7.2	47418
tt4255304	The Void	movie	2016	Horror,Mystery,Sci-Fi	5.9	47201
tt0118661	The Avengers	movie	1998	Action,Adventure,Sci-Fi	3.8	46845
tt14549466	Crimes of the Future	movie	2022	Drama,Horror,Sci-Fi	5.8	46731
tt2189221	Defiance	tvSeries	2013	Action,Drama,Sci-Fi	7.0	46659
tt0070707	Sleeper	movie	1973	Comedy,Sci-Fi	7.1	46556
tt27729779	The Platform 2	movie	2024	Horror,Sci-Fi,Thriller	4.9	46339
tt4122068	Humans	tvSeries	2015	Drama,Sci-Fi	7.9	45882
tt6656238	The Rain	tvSeries	2018	Drama,Sci-Fi,Thriller	6.3	45862
tt0087995	Repo Man	movie	1984	Comedy,Crime,Sci-Fi	6.8	45161
tt0047034	Godzilla	movie	1954	Horror,Sci-Fi	7.6	45129
tt4827558	High Life	movie	2018	Drama,Sci-Fi,Thriller	5.7	45128
tt1227926	Dr. Horrible's Sing-Along Blog	tvMiniSeries	2008	Comedy,Musical,Sci-Fi	8.4	45036
tt4154916	Replicas	movie	2018	Action,Drama,Sci-Fi	5.5	45032
tt2637294	Hot Tub Time Machine 2	movie	2015	Comedy,Mystery,Sci-Fi	5.0	45008
tt0079714	Phantasm	movie	1979	Horror,Sci-Fi	6.6	44747
tt0377713	Cube Zero	movie	2004	Drama,Mystery,Sci-Fi	5.6	44561
tt0067065	Escape from the Planet of the Apes	movie	1971	Action,Sci-Fi	6.3	44518
tt0086491	Twilight Zone: The Movie	movie	1983	Horror,Sci-Fi	6.5	44460
tt2467046	Left Behind	movie	2014	Action,Fantasy,Sci-Fi	3.1	44386
tt1031280	Splinter	movie	2008	Crime,Horror,Sci-Fi	6.1	44077
tt5640450	ARQ	movie	2016	Action,Sci-Fi,Thriller	6.3	44014
tt1821681	Touch	tvSeries	2012	Drama,Mystery,Sci-Fi	7.3	43941
tt0024184	The Invisible Man	movie	1933	Horror,Sci-Fi	7.6	43933
tt0066769	The Andromeda Strain	movie	1971	Mystery,Sci-Fi,Thriller	7.2	43892
tt20600980	Skeleton Crew	tvSeries	2024	Action,Adventure,Sci-Fi	7.0	43837
tt0402901	The Cave	movie	2005	Adventure,Horror,Sci-Fi	5.2	43674
tt0779982	Black Sheep	movie	2006	Comedy,Horror,Sci-Fi	5.8	43477
tt4216984	Wolf Man	movie	2025	Horror,Sci-Fi	5.6	42966
tt0090887	Critters	movie	1986	Comedy,Horror,Sci-Fi	6.1	42528
tt0052077	Plan 9 from Outer Space	movie	1958	Horror,Sci-Fi	3.9	42386
tt0090390	ALF	tvSeries	1986	Comedy,Family,Sci-Fi	7.4	42380
tt0080360	Altered States	movie	1980	Horror,Sci-Fi,Thriller	6.9	42262
tt8778064	The Society	tvSeries	2019	Drama,Mystery,Sci-Fi	7.1	42219
tt0104692	The Lawnmower Man	movie	1992	Horror,Sci-Fi	5.5	42107
tt0070544	Fantastic Planet	movie	1973	Animation,Sci-Fi	7.6	42033
tt10128846	Megalopolis	movie	2024	Drama,Fantasy,Sci-Fi	4.7	41645
tt0046534	The War of the Worlds	movie	1953	Action,Sci-Fi,Thriller	7.0	41604
tt6697582	Arif V 216	movie	2018	Comedy,Sci-Fi	6.9	41564
tt0115571	The Arrival	movie	1996	Mystery,Sci-Fi,Thriller	6.2	41462
tt0089886	Real Genius	movie	1985	Comedy,Romance,Sci-Fi	6.9	41269
tt18072316	Bade Miyan Chote Miyan	movie	2024	Action,Adventure,Sci-Fi	3.7	40709
tt1709143	The Last Days on Mars	movie	2013	Adventure,Horror,Sci-Fi	5.5	40671
tt4396630	The Gifted	tvSeries	2017	Action,Fantasy,Sci-Fi	7.2	40520
tt0068408	Conquest of the Planet of the Apes	movie	1972	Action,Sci-Fi	6.1	40387
tt5155780	The Discovery	movie	2017	Drama,Romance,Sci-Fi	6.2	40348
tt1535616	The Divide	movie	2011	Drama,Horror,Sci-Fi	5.7	40313
tt7946422	Prospect	movie	2018	Adventure,Drama,Sci-Fi	6.3	40219
tt0087262	Firestarter	movie	1984	Action,Horror,Sci-Fi	6.1	39571
tt1464763	Mute	movie	2018	Mystery,Sci-Fi,Thriller	5.5	39533
tt13964390	Under Paris	movie	2024	Action,Horror,Sci-Fi	5.2	39322
tt7605074	The Wandering Earth	movie	2019	Action,Adventure,Sci-Fi	5.9	39279
tt0094535	Red Dwarf	tvSeries	1988	Comedy,Sci-Fi	8.4	39186
tt10919486	Into the Night	tvSeries	2020	Drama,Sci-Fi,Thriller	7.0	38956
tt0119013	Double Team	movie	1997	Action,Comedy,Sci-Fi	4.8	38669
tt0457297	The Butterfly Effect 2	movie	2006	Drama,Sci-Fi,Thriller	4.5	38635
tt0910554	Frequently Asked Questions About Time Travel	movie	2009	Comedy,Sci-Fi	6.9	38595
tt1226681	Pontypool	movie	2008	Horror,Sci-Fi	6.5	38311
tt0046876	Creature from the Black Lagoon	movie	1954	Horror,Sci-Fi	6.9	38291
tt2660734	The Tomorrow People	tvSeries	2013	Action,Drama,Sci-Fi	7.1	38060
tt0116654	The Island of Dr. Moreau	movie	1996	Horror,Sci-Fi,Thriller	4.6	38011
tt0078908	The Brood	movie	1979	Horror,Sci-Fi	6.8	37942
tt3256226	IO	movie	2019	Adventure,Drama,Sci-Fi	4.8	37875
tt0069768	Battle for the Planet of the Apes	movie	1973	Action,Sci-Fi	5.4	37736
tt0114614	Tank Girl	movie	1995	Action,Comedy,Sci-Fi	5.4	37599
tt8880894	Living with Yourself	tvMiniSeries	2019	Comedy,Drama,Sci-Fi	7.1	37453
tt8694364	Years and Years	tvMiniSeries	2019	Drama,Sci-Fi	8.2	37282
tt4357394	Tau	movie	2018	Horror,Sci-Fi,Thriller	5.8	37226
tt0117108	Multiplicity	movie	1996	Comedy,Romance,Sci-Fi	6.2	37081
tt0097138	Cyborg	movie	1989	Action,Sci-Fi,Thriller	5.1	36917
tt0114852	Village of the Damned	movie	1995	Horror,Sci-Fi,Thriller	5.7	36764
tt0044121	The Thing from Another World	movie	1951	Horror,Sci-Fi	7.0	36634
tt2084989	Upstream Color	movie	2013	Drama,Mystery,Sci-Fi	6.5	36086
tt0067525	The Omega Man	movie	1971	Action,Drama,Sci-Fi	6.4	36062
tt0364343	The Final Cut	movie	2004	Drama,Sci-Fi,Thriller	6.1	35876
tt24871974	Subservience	movie	2024	Sci-Fi,Thriller	5.4	35631
tt0082869	Outland	movie	1981	Action,Crime,Sci-Fi	6.6	35299
tt0091083	From Beyond	movie	1986	Horror,Sci-Fi	6.6	35056
tt0114857	Virtuosity	movie	1995	Action,Crime,Sci-Fi	5.5	34716
tt1598642	Z for Zachariah	movie	2015	Drama,Romance,Sci-Fi	6.0	34462
tt3289728	Equals	movie	2015	Drama,Romance,Sci-Fi	6.0	34402
tt4643084	Counterpart	tvSeries	2017	Drama,Sci-Fi,Thriller	8.0	34380
tt0098546	UHF	movie	1989	Comedy,Sci-Fi	6.9	34075
tt0112040	The Langoliers	tvMiniSeries	1995	Horror,Mystery,Sci-Fi	6.1	33999
tt0072856	Death Race 2000	movie	1975	Action,Comedy,Sci-Fi	6.2	33882
tt0120841	Species II	movie	1998	Action,Horror,Sci-Fi	4.5	33705
tt0077269	The Boys from Brazil	movie	1978	Drama,Mystery,Sci-Fi	7.0	33641
tt9354944	Jexi	movie	2019	Comedy,Romance,Sci-Fi	6.0	33540
tt0067756	Silent Running	movie	1972	Drama,Sci-Fi	6.6	33532
tt1305797	Enthiran	movie	2010	Action,Sci-Fi,Thriller	7.2	33409
tt0284978	Cypher	movie	2002	Mystery,Sci-Fi,Thriller	6.7	33082
tt13186306	War of the Worlds	movie	2025	Action,Adventure,Sci-Fi	2.5	33068
tt0115624	Barb Wire	movie	1996	Action,Sci-Fi	3.6	32993
tt14379784	The Devil's Hour	tvSeries	2022	Drama,Mystery,Sci-Fi	7.6	32959
tt2317225	The Machine	movie	2013	Action,Drama,Sci-Fi	6.0	32884
tt0086856	The Adventures of Buckaroo Banzai Across the 8th Dimension	movie	1984	Adventure,Comedy,Sci-Fi	6.2	32741
tt2071550	Open Grave	movie	2013	Horror,Mystery,Sci-Fi	6.1	32727
tt1713476	The Bay	movie	2012	Horror,Sci-Fi,Thriller	5.7	32685
tt0120004	The Relic	movie	1997	Horror,Mystery,Sci-Fi	5.8	32551
tt0454919	Pulse	movie	2006	Horror,Sci-Fi,Thriller	4.7	32181
tt0270846	Superbabies: Baby Geniuses 2	movie	2003	Comedy,Family,Sci-Fi	1.5	32150
tt0073631	Rollerball	movie	1975	Action,Sci-Fi,Sport	6.5	32148
tt0051418	The Blob	movie	1958	Horror,Sci-Fi	6.3	32113
tt0106950	Fortress	movie	1992	Action,Crime,Sci-Fi	5.9	32043
tt0176269	Universal Soldier: The Return	movie	1999	Action,Sci-Fi	4.2	32015
tt0120458	Virus	movie	1999	Action,Horror,Sci-Fi	5.1	31757
tt0114367	Screamers	movie	1995	Horror,Sci-Fi,Thriller	6.3	31687
tt0074851	The Man Who Fell to Earth	movie	1976	Drama,Sci-Fi	6.6	31076
tt4154858	Inhumans	tvSeries	2017	Action,Adventure,Sci-Fi	4.9	30932
tt0286751	Pulse	movie	2001	Horror,Mystery,Sci-Fi	6.6	30924
tt0246894	Rollerball	movie	2002	Action,Sci-Fi,Sport	3.2	30851
tt1183865	Alphas	tvSeries	2011	Action,Drama,Sci-Fi	7.2	30302
tt5080556	2.0	movie	2018	Action,Fantasy,Sci-Fi	6.0	30256
tt1236246	Runaways	tvSeries	2017	Action,Drama,Sci-Fi	6.8	30221
tt0078869	The Black Hole	movie	1979	Action,Sci-Fi	5.9	30183
tt0069945	Dark Star	movie	1974	Comedy,Sci-Fi	6.1	30181
tt4922804	3%	tvSeries	2016	Action,Drama,Sci-Fi	7.2	30126
tt9664108	Voyagers	movie	2021	Adventure,Mystery,Sci-Fi	5.5	29825
tt0080736	The Final Countdown	movie	1980	Action,Adventure,Sci-Fi	6.7	29817
tt3556944	Heroes Reborn	tvMiniSeries	2015	Drama,Fantasy,Sci-Fi	6.6	29686
tt6882604	Archive	movie	2020	Drama,Mystery,Sci-Fi	6.4	29533
tt0085894	The Man with Two Brains	movie	1983	Comedy,Romance,Sci-Fi	6.4	29398
tt0104850	Memoirs of an Invisible Man	movie	1992	Comedy,Romance,Sci-Fi	6.0	29351
tt0089869	The Quiet Earth	movie	1985	Drama,Mystery,Sci-Fi	6.7	29325
tt0095687	My Stepmother Is an Alien	movie	1988	Comedy,Sci-Fi	5.4	29228
tt2131532	Hidden	movie	2015	Horror,Sci-Fi,Thriller	6.4	29073
tt6045840	Black Lightning	tvSeries	2018	Action,Drama,Sci-Fi	6.1	28982
tt0096251	Tetsuo: The Iron Man	movie	1989	Horror,Sci-Fi	6.9	28918
tt14400246	Bird Box: Barcelona	movie	2023	Horror,Mystery,Sci-Fi	5.3	28860
tt0091630	Night of the Creeps	movie	1986	Comedy,Horror,Sci-Fi	6.7	28648
tt1029231	Krrish 3	movie	2013	Action,Adventure,Sci-Fi	5.4	28525
tt1235547	Better Off Ted	tvSeries	2009	Comedy,Sci-Fi	8.2	28389
tt0180052	The Adventures of Pluto Nash	movie	2002	Action,Comedy,Sci-Fi	3.9	28282
tt0963194	Repo! The Genetic Opera	movie	2008	Horror,Musical,Sci-Fi	6.4	28256
tt0432637	Krrish	movie	2006	Action,Sci-Fi	6.5	28124
tt0051622	The Fly	movie	1958	Drama,Horror,Sci-Fi	7.1	27844
tt0078087	Piranha	movie	1978	Comedy,Horror,Sci-Fi	5.9	27821
tt4983780	Maanaadu	movie	2021	Action,Adventure,Sci-Fi	8.1	27683
tt0094517	Mystery Science Theater 3000	tvSeries	1988	Comedy,Sci-Fi	8.6	27612
tt2309961	Afflicted	movie	2013	Horror,Mystery,Sci-Fi	6.2	27535
tt0134619	Disturbing Behavior	movie	1998	Horror,Mystery,Sci-Fi	5.7	27484
tt0799862	Caprica	tvSeries	2009	Action,Drama,Sci-Fi	7.1	27344
tt1288403	Universal Soldier: Regeneration	movie	2009	Action,Adventure,Sci-Fi	5.3	27329
tt8787802	Away	tvSeries	2020	Drama,Romance,Sci-Fi	6.6	27010
tt20225374	Vesper	movie	2022	Adventure,Drama,Sci-Fi	6.0	26979
tt0070948	Zardoz	movie	1974	Adventure,Fantasy,Sci-Fi	5.8	26882
tt0087799	Night of the Comet	movie	1984	Comedy,Horror,Sci-Fi	6.3	26843
tt0116514	Hellraiser: Bloodline	movie	1996	Horror,Sci-Fi	5.1	26763
tt2262308	Halo 4: Forward Unto Dawn	tvMiniSeries	2012	Action,Sci-Fi,Thriller	6.7	26722
tt1715336	Anna	movie	2013	Drama,Mystery,Sci-Fi	6.4	26671
tt0047573	Them!	movie	1954	Horror,Sci-Fi	7.2	26577
tt31806049	Brick	movie	2025	Drama,Mystery,Sci-Fi	5.5	26424
tt8741290	Tales from the Loop	tvSeries	2020	Drama,Sci-Fi	7.4	26401
tt0097368	The Fly II	movie	1989	Drama,Horror,Sci-Fi	5.2	26320
tt8633464	After Yang	movie	2021	Drama,Sci-Fi	6.6	26214
tt0142032	Dune	tvMiniSeries	2000	Adventure,Drama,Sci-Fi	6.9	26187
tt0073705	Shivers	movie	1975	Horror,Sci-Fi	6.3	26049
tt31433814	Doctor Who	tvSeries	2023	Adventure,Drama,Sci-Fi	6.1	25994
tt3155320	Extant	tvSeries	2014	Drama,Sci-Fi,Thriller	6.5	25910
tt0360556	Fahrenheit 451	movie	2018	Drama,Sci-Fi,Thriller	5.0	25884
tt1798632	Firestarter	movie	2022	Drama,Horror,Sci-Fi	4.6	25503
tt6170874	Salvation	tvSeries	2017	Drama,Sci-Fi,Thriller	6.9	25500
tt0093185	The Hidden	movie	1987	Crime,Horror,Sci-Fi	7.0	25412
tt0160399	Impostor	movie	2001	Drama,Mystery,Sci-Fi	6.2	25402
tt21308888	Paradise	movie	2023	Action,Sci-Fi,Thriller	6.3	25374
tt3171832	iBoy	movie	2017	Action,Crime,Sci-Fi	5.9	25338
tt36988358	Takopi's Original Sin	tvMiniSeries	2025	Animation,Drama,Sci-Fi	8.7	25316
tt10234362	Avenue 5	tvSeries	2020	Comedy,Sci-Fi	6.7	25089
tt0060955	Seconds	movie	1966	Sci-Fi,Thriller	7.6	24814
tt3952222	Killjoys	tvSeries	2015	Action,Adventure,Sci-Fi	7.2	24676
tt0119891	Phantoms	movie	1998	Horror,Sci-Fi,Thriller	5.4	24475
tt0110678	No Escape	movie	1994	Action,Drama,Sci-Fi	6.1	24329
tt14850054	Greenland 2: Migration	movie	2026	Action,Adventure,Sci-Fi	5.2	24208
tt7451284	Batman Ninja	movie	2018	Action,Animation,Sci-Fi	5.6	24056
tt2403029	The Starving Games	movie	2013	Adventure,Comedy,Sci-Fi	3.3	24050
tt0469263	The Astronaut Farmer	movie	2006	Adventure,Drama,Sci-Fi	6.3	23810
tt1748207	Sound of My Voice	movie	2011	Drama,Mystery,Sci-Fi	6.5	23783
tt0058700	The Last Man on Earth	movie	1964	Drama,Horror,Sci-Fi	6.7	23693
tt0076590	Rabid	movie	1977	Horror,Sci-Fi	6.3	23554
tt1023500	Doghouse	movie	2009	Comedy,Horror,Sci-Fi	6.0	23540
tt0095990	Return of the Living Dead II	movie	1988	Comedy,Horror,Sci-Fi	5.7	23331
tt27599851	Apocalypse Z: The Beginning of the End	movie	2024	Action,Horror,Sci-Fi	6.1	23273
tt4192782	Glitch	tvSeries	2015	Drama,Horror,Sci-Fi	7.2	23102
tt2625810	Into the Forest	movie	2015	Drama,Sci-Fi,Thriller	5.8	23036
tt0106452	Body Snatchers	movie	1993	Horror,Sci-Fi	6.0	22977
tt32768323	The Assessment	movie	2024	Drama,Sci-Fi	6.6	22853
tt13029044	Mother/Android	movie	2021	Drama,Sci-Fi,Thriller	5.0	22778
tt0060397	Fantastic Voyage	movie	1966	Adventure,Sci-Fi	6.8	22555
tt0780607	The Signal	movie	2007	Horror,Sci-Fi,Thriller	6.0	22542
tt14857528	Time Cut	movie	2024	Horror,Mystery,Sci-Fi	5.1	22518
tt0080025	Time After Time	movie	1979	Adventure,Drama,Sci-Fi	7.0	22505
tt4244162	Beta Test	movie	2016	Action,Sci-Fi,Thriller	4.7	22453
tt0314063	Immortal	movie	2004	Drama,Sci-Fi,Thriller	5.9	22360
tt8574252	The Witch: Part 1 - The Subversion	movie	2018	Action,Mystery,Sci-Fi	7.2	22313
tt1699231	Quarantine 2: Terminal	movie	2011	Horror,Sci-Fi,Thriller	5.2	22210
tt0289830	Taken	tvMiniSeries	2002	Drama,Mystery,Sci-Fi	7.8	22082
tt0050539	The Incredible Shrinking Man	movie	1957	Horror,Sci-Fi	7.6	21899
tt19395018	Constellation	tvSeries	2024	Sci-Fi,Thriller	6.7	21848
tt0112167	Sliders	tvSeries	1995	Adventure,Fantasy,Sci-Fi	7.4	21840
tt0345061	Code 46	movie	2003	Drama,Romance,Sci-Fi	6.1	21775
tt10333426	Bliss	movie	2021	Drama,Romance,Sci-Fi	5.4	21748
tt1234541	The Butterfly Effect 3: Revelations	movie	2009	Crime,Sci-Fi,Thriller	5.6	21643
tt0073747	The Stepford Wives	movie	1975	Horror,Mystery,Sci-Fi	6.9	21567
tt11640018	La Brea	tvSeries	2021	Drama,Mystery,Sci-Fi	5.8	21339
tt7390588	Little Monsters	movie	2019	Comedy,Horror,Sci-Fi	6.3	21287
tt0054443	Village of the Damned	movie	1960	Horror,Sci-Fi	7.3	21252
tt0090094	The Stuff	movie	1985	Comedy,Horror,Sci-Fi	5.9	21234
tt0193253	Jin-Roh: The Wolf Brigade	movie	1999	Animation,Drama,Sci-Fi	7.3	20949
tt0134983	Supernova	movie	2000	Horror,Sci-Fi,Thriller	4.9	20892
tt9820556	Breach	movie	2020	Action,Horror,Sci-Fi	2.9	20822
tt0072730	A Boy and His Dog	movie	1975	Comedy,Drama,Sci-Fi	6.4	20801
tt1656171	Dam999	movie	2011	Adventure,Drama,Sci-Fi	3.6	20797
tt1821641	The Congress	movie	2013	Animation,Drama,Sci-Fi	6.4	20743
tt1483797	Redline	movie	2009	Action,Animation,Sci-Fi	7.5	20726
tt0057372	The Nutty Professor	movie	1963	Comedy,Romance,Sci-Fi	6.6	20609
tt0381940	Cargo	movie	2009	Drama,Mystery,Sci-Fi	6.1	20569
tt14531842	Extraordinary	tvSeries	2023	Comedy,Sci-Fi	7.7	20476
tt2183034	Earth to Echo	movie	2014	Adventure,Family,Sci-Fi	5.7	20412
tt2693776	Intelligence	tvSeries	2014	Action,Drama,Sci-Fi	6.8	20359
tt27218960	Y2K	movie	2024	Comedy,Horror,Sci-Fi	4.7	20348
tt5711280	Electric Dreams	tvSeries	2017	Drama,Sci-Fi	7.2	20329
tt29135600	Cassandra	tvSeries	2025	Drama,Horror,Sci-Fi	6.7	20290
tt2580382	The Survivalist	movie	2015	Drama,Sci-Fi,Thriller	6.4	20271
tt0070233	Ivan Vasilyevich Changes His Profession	movie	1973	Adventure,Comedy,Sci-Fi	8.2	20270
tt6017942	Kin	movie	2018	Action,Drama,Sci-Fi	5.8	20240
tt9686194	War of the Worlds	tvSeries	2019	Drama,Mystery,Sci-Fi	6.5	20224
tt2268458	These Final Hours	movie	2013	Drama,Sci-Fi,Thriller	6.6	20211
tt0086373	Strange Brew	movie	1983	Comedy,Crime,Sci-Fi	6.6	20070
tt3696720	Ascension	tvMiniSeries	2014	Drama,Sci-Fi	7.1	20032
tt9900092	Motherland: Fort Salem	tvSeries	2020	Drama,Fantasy,Sci-Fi	7.3	20014
tt8783930	The Time Traveler's Wife	tvSeries	2022	Drama,Romance,Sci-Fi	7.6	20004
tt0090837	Chopping Mall	movie	1986	Horror,Sci-Fi	5.6	19977
tt13207508	Swan Song	movie	2021	Drama,Romance,Sci-Fi	6.8	19618
tt0960890	Zombie Strippers!	movie	2008	Comedy,Horror,Sci-Fi	4.1	19593
tt0144814	The Rage: Carrie 2	movie	1999	Drama,Horror,Sci-Fi	4.8	19343
tt27564844	Iron Lung	movie	2026	Horror,Sci-Fi	6.5	19131
tt12298506	Black Box	movie	2020	Horror,Mystery,Sci-Fi	6.2	19111
tt9814116	Brave New World	tvSeries	2020	Drama,Sci-Fi,Thriller	7.0	19081
tt0099180	Bride of Re-Animator	movie	1990	Comedy,Horror,Sci-Fi	6.2	19080
tt20112746	Sting	movie	2024	Comedy,Horror,Sci-Fi	5.7	18981
tt6127004	Paradise Hills	movie	2019	Fantasy,Mystery,Sci-Fi	5.3	18941
tt0077588	The Fury	movie	1978	Horror,Sci-Fi,Thriller	6.3	18912
tt0085106	V	tvMiniSeries	1983	Action,Adventure,Sci-Fi	7.8	18761
tt0104299	Freejack	movie	1992	Action,Crime,Sci-Fi	5.4	18725
tt0893402	Franklyn	movie	2008	Drama,Fantasy,Sci-Fi	6.0	18605
tt2331047	Rememory	movie	2017	Drama,Mystery,Sci-Fi	6.1	18563
tt2657262	Star-Crossed	tvSeries	2014	Drama,Romance,Sci-Fi	7.1	18561
tt0084745	Swamp Thing	movie	1982	Horror,Sci-Fi	5.3	18541
tt0892899	Outpost	movie	2008	Action,Horror,Sci-Fi	5.8	18539
tt15428940	Jules	movie	2023	Comedy,Drama,Sci-Fi	6.8	18534
tt1975159	Flight 7500	movie	2014	Drama,Horror,Sci-Fi	4.8	18479
tt0080354	Alligator	movie	1980	Horror,Sci-Fi,Thriller	6.1	18327
tt0094919	Critters 2: The Main Course	movie	1988	Comedy,Horror,Sci-Fi	5.6	18312
tt1534085	Beyond the Black Rainbow	movie	2010	Horror,Mystery,Sci-Fi	5.9	18254
tt0131646	Wing Commander	movie	1999	Action,Adventure,Sci-Fi	4.4	18114
tt0349047	(T)Raumschiff Surprise - Periode 1	movie	2004	Comedy,Sci-Fi	5.5	18109
tt0095863	Phantasm II	movie	1988	Fantasy,Horror,Sci-Fi	6.4	18032
tt6774786	Occupation	movie	2018	Action,Drama,Sci-Fi	4.5	18023
tt7826108	Raising Dion	tvSeries	2019	Drama,Sci-Fi	7.1	17898
tt0099740	Hardware	movie	1990	Horror,Sci-Fi,Thriller	6.0	17848
tt14273790	The Rig	tvSeries	2023	Drama,Mystery,Sci-Fi	5.9	17847
tt0094631	Alien Nation	movie	1988	Action,Sci-Fi	6.3	17687
tt0022835	Dr. Jekyll and Mr. Hyde	movie	1931	Horror,Sci-Fi	7.6	17647
tt3480796	Vice	movie	2015	Action,Sci-Fi,Thriller	4.2	17510
tt7529298	Attack	movie	2022	Action,Sci-Fi,Thriller	6.8	17366
tt5442456	24 Hours to Live	movie	2017	Action,Sci-Fi,Thriller	5.8	17344
tt0808240	Turks in Space	movie	2006	Action,Comedy,Sci-Fi	1.5	17016
tt6063090	Light of My Life	movie	2019	Drama,Sci-Fi,Thriller	6.6	16958
tt24577462	Afraid	movie	2024	Horror,Mystery,Sci-Fi	5.2	16944
tt11252440	Psycho Goreman	movie	2020	Comedy,Horror,Sci-Fi	6.3	16925
tt2099556	Antiviral	movie	2012	Horror,Mystery,Sci-Fi	5.7	16805
tt0099611	Frankenhooker	movie	1990	Comedy,Horror,Sci-Fi	6.2	16767
tt0386741	Renaissance	movie	2006	Action,Animation,Sci-Fi	6.6	16751
tt0091993	SpaceCamp	movie	1986	Adventure,Family,Sci-Fi	5.8	16716
tt9151230	To the Lake	tvSeries	2019	Drama,Sci-Fi,Thriller	7.2	16680
tt0044916	Monkey Business	movie	1952	Comedy,Sci-Fi	6.9	16608
tt0238552	Replicant	movie	2001	Action,Sci-Fi,Thriller	5.4	16547
tt0114279	Richard III	movie	1995	Drama,Sci-Fi,War	7.3	16342
tt1216520	Womb	movie	2010	Drama,Romance,Sci-Fi	6.3	16184
tt0061287	The Prisoner	tvSeries	1967	Drama,Mystery,Sci-Fi	8.4	16183
tt0287839	Children of Dune	tvMiniSeries	2003	Adventure,Drama,Sci-Fi	7.2	16168
tt7403736	V-Wars	tvSeries	2019	Drama,Horror,Sci-Fi	6.0	16142
tt0069895	The Crazies	movie	1973	Action,Horror,Sci-Fi	6.1	16133
tt2667380	Kill Command	movie	2016	Action,Horror,Sci-Fi	5.7	16109
tt0103923	Captain America	movie	1990	Action,Adventure,Sci-Fi	3.3	16066
tt8615822	Occupation: Rainfall	movie	2020	Action,Sci-Fi	4.7	16003
tt11762434	Cosmic Sin	movie	2021	Action,Sci-Fi	2.5	15985
tt1519461	Area 51	movie	2015	Horror,Mystery,Sci-Fi	4.3	15984
tt0053137	On the Beach	movie	1959	Drama,Romance,Sci-Fi	7.1	15921
tt0218553	Ring 2	movie	1999	Horror,Mystery,Sci-Fi	5.8	15908
tt3327624	Infini	movie	2015	Horror,Sci-Fi,Thriller	5.3	15703
tt0088083	Sexmission	movie	1984	Adventure,Comedy,Sci-Fi	7.5	15650
tt0400426	Far Cry	movie	2008	Action,Adventure,Sci-Fi	3.2	15626
tt2592094	Believe	tvSeries	2014	Drama,Fantasy,Sci-Fi	7.1	15565
tt4939064	Mars	tvSeries	2016	Adventure,Drama,Sci-Fi	7.4	15555
tt6632666	Project Blue Book	tvSeries	2019	Drama,Mystery,Sci-Fi	7.6	15443
tt0086822	V	tvSeries	1984	Action,Adventure,Sci-Fi	7.3	15427
tt0087015	C.H.U.D.	movie	1984	Horror,Sci-Fi	5.6	15376
tt0910812	Tin Man	tvMiniSeries	2007	Adventure,Fantasy,Sci-Fi	7.0	15335
tt0088979	D.A.R.Y.L.	movie	1985	Family,Sci-Fi	6.3	15324
tt7589524	Aniara	movie	2018	Drama,Sci-Fi	6.3	15293
tt2414766	Frequencies	movie	2013	Mystery,Romance,Sci-Fi	6.7	15221
tt0091341	Kin-dza-dza!	movie	1986	Comedy,Drama,Sci-Fi	7.8	15202
tt7588054	Roswell, New Mexico	tvSeries	2019	Drama,Romance,Sci-Fi	6.4	15157
tt0120764	My Favorite Martian	movie	1999	Comedy,Family,Sci-Fi	5.1	15142
tt0424600	The Andromeda Strain	tvMiniSeries	2008	Drama,Mystery,Sci-Fi	6.1	15031
tt14759574	Mrs. Davis	tvMiniSeries	2023	Comedy,Drama,Sci-Fi	7.3	14983
tt1231277	S. Darko	movie	2009	Drama,Mystery,Sci-Fi	3.6	14977
tt1631707	Enter Nowhere	movie	2011	Mystery,Sci-Fi,Thriller	6.4	14922
tt0458367	Right at Your Door	movie	2006	Drama,Sci-Fi,Thriller	6.0	14895
tt7042862	The Man Who Killed Hitler and Then the Bigfoot	movie	2018	Adventure,Drama,Sci-Fi	5.7	14825
tt0480239	Atlas Shrugged: Part I	movie	2011	Drama,Mystery,Sci-Fi	5.6	14771
tt0097179	DeepStar Six	movie	1989	Action,Horror,Sci-Fi	5.4	14731
tt0094793	Brain Damage	movie	1988	Comedy,Horror,Sci-Fi	6.5	14725
tt0069280	Slaughterhouse-Five	movie	1972	Comedy,Drama,Sci-Fi	6.8	14701
tt14145426	Beavis and Butt-Head Do the Universe	movie	2022	Animation,Comedy,Sci-Fi	7.0	14669
tt9005184	Dual	movie	2022	Comedy,Drama,Sci-Fi	5.8	14660
tt0050280	The Curse of Frankenstein	movie	1957	Horror,Sci-Fi,Thriller	7.0	14646
tt1725795	7aum Arivu	movie	2011	Action,Sci-Fi,Thriller	6.7	14621
tt13655120	I.S.S.	movie	2023	Sci-Fi,Thriller	5.3	14599
tt0095652	Monkey Shines	movie	1988	Drama,Horror,Sci-Fi	6.2	14582
tt12335692	Last Man Down	movie	2021	Action,Sci-Fi	3.5	14553
tt1817771	Freaks of Nature	movie	2015	Comedy,Horror,Sci-Fi	5.9	14505
tt0068713	Horror Express	movie	1972	Adventure,Horror,Sci-Fi	6.5	14478
tt0101627	Critters 3	movie	1991	Comedy,Horror,Sci-Fi	4.5	14375
tt1161418	Gentlemen Broncos	movie	2009	Comedy,Fantasy,Sci-Fi	6.2	14368
tt0085271	Brainstorm	movie	1983	Sci-Fi,Thriller	6.4	14367
tt0086662	Airwolf	tvSeries	1984	Action,Adventure,Sci-Fi	6.7	14344
tt6169694	I Think We're Alone Now	movie	2018	Drama,Mystery,Sci-Fi	5.8	14324
tt0109327	Brainscan	movie	1994	Horror,Sci-Fi	6.0	14204
tt4146128	Childhood's End	tvMiniSeries	2015	Drama,Sci-Fi,Thriller	6.8	14200
tt6506264	The Colony	movie	2021	Action,Adventure,Sci-Fi	5.4	14181
tt3868848	Stitchers	tvSeries	2015	Crime,Drama,Sci-Fi	6.8	14179
tt1235448	The Thaw	movie	2009	Horror,Sci-Fi	5.2	14078
tt0077053	Mork & Mindy	tvSeries	1978	Comedy,Family,Sci-Fi	7.2	14013
tt0157262	2001: A Space Travesty	movie	2000	Comedy,Sci-Fi	3.5	13989
tt0222812	Beyond Re-Animator	movie	2003	Comedy,Horror,Sci-Fi	5.7	13945
tt2358592	Lucia	movie	2013	Drama,Sci-Fi,Thriller	8.3	13869
tt0142236	Dragon Ball Z: Fusion Reborn	movie	1995	Action,Animation,Sci-Fi	7.6	13817
tt1643266	Ancient Aliens	tvSeries	2009	Fantasy,History,Sci-Fi	7.0	13499
tt18083578	57 Seconds	movie	2023	Sci-Fi,Thriller	5.4	13486
tt0093793	Project X	movie	1987	Comedy,Drama,Sci-Fi	6.2	13461
tt8879928	Cold Storage	movie	2026	Comedy,Horror,Sci-Fi	6.1	13394
tt8258502	Foe	movie	2023	Drama,Romance,Sci-Fi	5.4	13375
tt0031951	Son of Frankenstein	movie	1939	Drama,Horror,Sci-Fi	7.0	13358
tt0092546	Amazon Women on the Moon	movie	1987	Comedy,Sci-Fi	6.2	13322
tt8332130	Beforeigners	tvSeries	2019	Crime,Drama,Sci-Fi	7.7	13118
tt7026488	Come True	movie	2020	Horror,Sci-Fi	5.9	13072
tt4378456	Second Chance	tvSeries	2016	Drama,Sci-Fi	7.4	13068
tt6290798	UFO	movie	2018	Drama,Mystery,Sci-Fi	6.2	13063
tt20859464	The Artifice Girl	movie	2022	Mystery,Sci-Fi,Thriller	6.6	13050
tt0106156	The Tommyknockers	tvMiniSeries	1993	Horror,Sci-Fi	5.4	13046
tt10623646	Paper Girls	tvSeries	2022	Adventure,Drama,Sci-Fi	7.3	13045
tt2091478	Air	movie	2015	Drama,Sci-Fi,Thriller	5.1	12981
tt0089280	Hobgoblins	movie	1988	Comedy,Horror,Sci-Fi	2.3	12943
tt1918734	2067	movie	2020	Mystery,Sci-Fi	4.9	12860
tt0074559	Futureworld	movie	1976	Sci-Fi,Thriller	5.7	12846
tt2781832	Final Prayer	movie	2013	Horror,Sci-Fi,Thriller	5.8	12827
tt1757746	Extracted	movie	2012	Drama,Sci-Fi	6.4	12799
tt6675244	Transit	movie	2018	Drama,Sci-Fi	6.9	12772
tt6143568	The Humanity Bureau	movie	2017	Action,Sci-Fi,Thriller	4.5	12739
tt0045920	It Came from Outer Space	movie	1953	Horror,Sci-Fi	6.5	12738
tt1643222	Hell	movie	2011	Horror,Sci-Fi,Thriller	5.8	12737
tt8399288	Memoria	movie	2021	Drama,Mystery,Sci-Fi	6.4	12735
tt3839880	Infinity Chamber	movie	2016	Sci-Fi,Thriller	6.2	12720
tt12592252	Songbird	movie	2020	Drama,Sci-Fi,Thriller	4.8	12712
tt0294097	Harvey Birdman, Attorney at Law	tvSeries	2000	Animation,Comedy,Sci-Fi	8.0	12620
tt0062168	Five Million Years to Earth	movie	1967	Horror,Mystery,Sci-Fi	7.0	12565
tt27031263	Teacup	tvSeries	2024	Horror,Sci-Fi,Thriller	6.3	12543
tt9849210	Biohackers	tvSeries	2020	Drama,Sci-Fi,Thriller	6.8	12478
tt0101458	Until the End of the World	movie	1991	Action,Drama,Sci-Fi	6.8	12446
tt15710136	Yashoda	movie	2022	Action,Crime,Sci-Fi	6.5	12443
tt8285216	Better Than Us	tvSeries	2018	Drama,Sci-Fi	7.3	12426
tt0081874	The Hitch Hiker's Guide to the Galaxy	tvSeries	1981	Adventure,Comedy,Sci-Fi	8.0	12370
tt5591666	The Domestics	movie	2018	Action,Horror,Sci-Fi	5.7	12322
tt0080904	Humanoids from the Deep	movie	1980	Horror,Sci-Fi	5.7	12297
tt0099731	The Handmaid's Tale	movie	1990	Drama,Romance,Sci-Fi	6.0	12260
tt0024188	Island of Lost Souls	movie	1932	Horror,Sci-Fi	7.3	12203
tt7851428	First Signal	movie	2021	Drama,Sci-Fi	3.3	12187
tt3832096	Cabin Fever	movie	2016	Horror,Sci-Fi,Thriller	3.8	12175
tt0119809	Nowhere	movie	1997	Comedy,Drama,Sci-Fi	6.6	12141
tt0200469	Bats	movie	1999	Horror,Sci-Fi,Thriller	4.1	12125
tt0103003	Suburban Commando	movie	1991	Action,Comedy,Sci-Fi	4.6	12118
tt8664988	The Blackout	movie	2019	Action,Sci-Fi,Thriller	6.0	12080
tt2011276	Banshee Chapter	movie	2013	Horror,Mystery,Sci-Fi	5.4	12034
tt14407336	The Beast	movie	2023	Drama,Romance,Sci-Fi	6.5	12028
tt12616480	Slingshot	movie	2024	Mystery,Sci-Fi,Thriller	5.7	12024
tt5813366	Bleeding Steel	movie	2017	Action,Sci-Fi,Thriller	5.2	11998
tt5215088	A.I. Rising	movie	2018	Drama,Romance,Sci-Fi	4.9	11931
tt0061065	The Face of Another	movie	1966	Drama,Sci-Fi,Thriller	7.8	11916
tt0091276	Invaders from Mars	movie	1986	Horror,Sci-Fi	5.5	11868
tt0048696	Tarantula	movie	1955	Horror,Sci-Fi	6.4	11863
tt32880932	V/H/S/Beyond	movie	2024	Horror,Sci-Fi,Thriller	5.8	11862
tt0339579	Returner	movie	2002	Action,Adventure,Sci-Fi	6.4	11860
tt0325596	The I Inside	movie	2004	Mystery,Sci-Fi,Thriller	6.0	11786
tt0077215	Battlestar Galactica	movie	1978	Action,Adventure,Sci-Fi	6.8	11688
tt1935302	Monsters: Dark Continent	movie	2014	Action,Drama,Sci-Fi	4.3	11682
tt3774790	400 Days	movie	2015	Mystery,Sci-Fi,Thriller	4.4	11676
tt0058379	Mothra vs. Godzilla	movie	1964	Adventure,Fantasy,Sci-Fi	6.5	11658
tt0044876	The Man in the White Suit	movie	1951	Comedy,Drama,Sci-Fi	7.2	11653
tt12800524	Encounter	movie	2021	Drama,Sci-Fi,Thriller	5.9	11599
tt5770864	The Man from Earth: Holocene	movie	2017	Drama,Fantasy,Sci-Fi	5.2	11598
tt0079285	Saturn 3	movie	1980	Adventure,Horror,Sci-Fi	5.1	11552
tt0080421	Battle Beyond the Stars	movie	1980	Action,Adventure,Sci-Fi	5.5	11481
tt0064177	Colossus: The Forbin Project	movie	1970	Sci-Fi,Thriller	7.1	11475
tt0078579	Buck Rogers in the 25th Century	tvSeries	1979	Action,Adventure,Sci-Fi	6.9	11431
tt10758074	The Man Who Fell to Earth	tvSeries	2022	Drama,Sci-Fi	7.2	11426
tt0047577	This Island Earth	movie	1955	Horror,Mystery,Sci-Fi	5.9	11400
tt11541872	Big Bug	movie	2022	Comedy,Sci-Fi	5.5	11378
tt9624766	Jiu Jitsu	movie	2020	Action,Sci-Fi,Thriller	2.9	11341
tt0457275	Altered	movie	2006	Horror,Sci-Fi,Thriller	5.6	11340
tt2967286	Steins;Gate: The Movie - Load Region of Déjà Vu	movie	2013	Animation,Mystery,Sci-Fi	7.8	11288
tt0075931	Demon Seed	movie	1977	Horror,Sci-Fi	6.3	11203
tt2597892	Viral	movie	2016	Drama,Horror,Sci-Fi	5.5	11201
tt0840800	Battlestar Galactica: The Resistance	tvMiniSeries	2006	Drama,Sci-Fi,Short	7.8	11170
tt6560164	Sweetheart	movie	2019	Adventure,Horror,Sci-Fi	5.8	11161
tt0120029	RocketMan	movie	1997	Comedy,Family,Sci-Fi	5.9	11145
tt0102181	Kafka	movie	1991	Drama,Mystery,Sci-Fi	6.8	11115
tt12474056	New Order	movie	2020	Crime,Drama,Sci-Fi	6.5	11062
tt35217961	Baida	movie	2025	Adventure,Sci-Fi,Thriller	4.6	11045
tt0035899	Frankenstein Meets the Wolf Man	movie	1943	Fantasy,Horror,Sci-Fi	6.4	11018
tt0142243	Dragon Ball Z: Wrath of the Dragon	movie	1995	Action,Animation,Sci-Fi	7.4	10955
tt6010628	Zoe	movie	2018	Drama,Romance,Sci-Fi	6.1	10955
tt1407049	Altitude	movie	2010	Horror,Mystery,Sci-Fi	4.8	10948
tt4132692	Between	tvSeries	2015	Drama,Mystery,Sci-Fi	6.0	10906
tt3722614	Revolt	movie	2017	Action,Adventure,Sci-Fi	5.3	10881
tt0082910	Piranha II: The Spawning	movie	1982	Horror,Sci-Fi,Thriller	3.8	10839
tt0070531	Phase IV	movie	1974	Horror,Sci-Fi,Thriller	6.4	10777
tt13334578	Ganapath	movie	2023	Action,Drama,Sci-Fi	2.6	10758
tt0116839	Lawnmower Man 2: Beyond Cyberspace	movie	1995	Action,Sci-Fi,Thriller	2.6	10754
tt0033553	Dr. Jekyll and Mr. Hyde	movie	1941	Drama,Horror,Sci-Fi	6.8	10740
tt6461824	The Crossing	tvSeries	2018	Adventure,Drama,Sci-Fi	7.1	10735
tt14500584	Beyond the Infinite Two Minutes	movie	2020	Comedy,Sci-Fi	7.2	10712
tt10369484	The Power	tvSeries	2023	Drama,Fantasy,Sci-Fi	6.7	10706
tt0054673	The Beast of Yucca Flats	movie	1961	Horror,Sci-Fi	2.0	10690
tt8001226	The War of the Worlds	tvMiniSeries	2019	Drama,History,Sci-Fi	5.2	10676
tt8747160	The Block Island Sound	movie	2020	Horror,Mystery,Sci-Fi	5.4	10648
tt0083109	The Cabbage Soup	movie	1981	Comedy,Sci-Fi	6.5	10561
tt0053363	The Tingler	movie	1959	Horror,Sci-Fi	6.6	10550
tt7441984	JL50	tvMiniSeries	2020	Drama,Sci-Fi,Thriller	7.3	10549
tt4575328	2036 Origin Unknown	movie	2018	Action,Sci-Fi,Thriller	4.3	10520
tt4157728	The Last Boy	movie	2019	Fantasy,Mystery,Sci-Fi	4.8	10495
tt0090849	Class of Nuke 'Em High	movie	1986	Comedy,Horror,Sci-Fi	5.6	10491
tt0111003	The Puppet Masters	movie	1994	Horror,Sci-Fi,Thriller	5.9	10479
tt6852872	Elizabeth Harvest	movie	2018	Horror,Sci-Fi,Thriller	5.8	10479
tt5636228	Lumina	movie	2024	Adventure,Horror,Sci-Fi	2.9	10437
tt0071431	Let Sleeping Corpses Lie	movie	1974	Drama,Horror,Sci-Fi	6.7	10429
tt13968674	Fingernails	movie	2023	Drama,Romance,Sci-Fi	5.8	10412
tt0072564	Space: 1999	tvSeries	1975	Adventure,Drama,Sci-Fi	7.3	10404
tt0079200	The Gendarme and the Extra-Terrestrials	movie	1979	Comedy,Crime,Sci-Fi	6.3	10378
tt5979874	Godzilla: Planet of the Monsters	movie	2017	Action,Animation,Sci-Fi	6.0	10357
tt10946316	The Institute	tvSeries	2025	Horror,Sci-Fi,Thriller	6.7	10352
tt0044207	When Worlds Collide	movie	1951	Action,Sci-Fi,Thriller	6.6	10346
tt1918886	Joker	movie	2012	Comedy,Family,Sci-Fi	2.7	10338
tt4131818	The Hot Zone	tvSeries	2019	Drama,History,Sci-Fi	7.3	10322
tt4971408	Await Further Instructions	movie	2018	Horror,Mystery,Sci-Fi	4.9	10281
tt0045917	Invaders from Mars	movie	1953	Horror,Sci-Fi	6.3	10278
tt0059464	Monster a Go-Go	movie	1965	Horror,Sci-Fi	1.8	10227
tt13270424	Brian and Charles	movie	2022	Comedy,Drama,Sci-Fi	6.7	10202
tt1319690	Defying Gravity	tvSeries	2009	Drama,Sci-Fi	7.3	10195
tt3463106	The Cured	movie	2017	Drama,Horror,Sci-Fi	5.6	10194
tt0219446	The Oblongs	tvSeries	2001	Animation,Comedy,Sci-Fi	7.1	10188
tt9387250	Skylines	movie	2020	Action,Adventure,Sci-Fi	4.8	10177
tt0086823	V: The Final Battle	tvMiniSeries	1984	Action,Adventure,Sci-Fi	7.7	10121
tt0181151	What Planet Are You From?	movie	2000	Comedy,Sci-Fi	5.7	10120
tt3923662	The Rezort	movie	2015	Horror,Sci-Fi,Thriller	5.3	10106
tt0049169	Earth vs. the Flying Saucers	movie	1956	Action,Horror,Sci-Fi	6.3	10094
tt12108622	Infinitum: Subject Unknown	movie	2021	Mystery,Sci-Fi	4.0	10080
tt0054594	The Absent Minded Professor	movie	1961	Comedy,Family,Sci-Fi	6.7	10068
tt0028358	Things to Come	movie	1936	Drama,Sci-Fi,War	6.6	10065
tt0273689	It's All About Love	movie	2003	Drama,Romance,Sci-Fi	5.3	10052
tt0780583	Flight of the Living Dead	movie	2007	Horror,Sci-Fi	5.1	9989
tt11640020	Debris	tvSeries	2021	Drama,Mystery,Sci-Fi	6.5	9942
tt0948538	Journeyman	tvSeries	2007	Fantasy,Romance,Sci-Fi	8.0	9878
tt0099277	Class of 1999	movie	1990	Action,Horror,Sci-Fi	5.9	9844
tt7374926	Proxima	movie	2019	Adventure,Drama,Sci-Fi	6.3	9844
tt15041836	Werewolves	movie	2024	Action,Horror,Sci-Fi	4.4	9802
tt0090917	Deadly Friend	movie	1986	Drama,Horror,Sci-Fi	5.6	9774
tt0071675	It's Alive	movie	1974	Horror,Sci-Fi	5.8	9728
tt0120199	Space Truckers	movie	1996	Adventure,Comedy,Sci-Fi	5.4	9723
tt5227746	The Unthinkable	movie	2018	Action,Romance,Sci-Fi	5.9	9714
tt0055894	The Day of the Triffids	movie	1963	Horror,Sci-Fi	6.1	9698
tt0048127	Godzilla Raids Again	movie	1955	Action,Horror,Sci-Fi	5.7	9690
tt3864024	Lazer Team	movie	2015	Action,Comedy,Sci-Fi	5.5	9688
tt0045546	The Beast from 20,000 Fathoms	movie	1953	Horror,Sci-Fi	6.6	9645
tt0305011	Clone High	tvSeries	2002	Animation,Comedy,Sci-Fi	8.1	9618
tt3354222	As the Gods Will	movie	2014	Adventure,Horror,Sci-Fi	6.3	9598
tt1935914	The Last Days	movie	2013	Horror,Sci-Fi,Thriller	6.1	9595
tt7521778	I'm Not a Robot	tvSeries	2017	Comedy,Romance,Sci-Fi	8.0	9532
tt9337588	Leila	tvSeries	2019	Drama,Sci-Fi	5.1	9520
tt4573516	Sleight	movie	2016	Crime,Drama,Sci-Fi	5.9	9515
tt1125254	Dragon Ball Z: Cooler's Revenge	movie	1991	Action,Animation,Sci-Fi	7.0	9512
tt0197521	Godzilla: King of the Monsters!	movie	1956	Action,Horror,Sci-Fi	6.3	9506
tt0996979	Alien Raiders	movie	2008	Action,Horror,Sci-Fi	5.6	9492
tt1368440	Branded	movie	2012	Drama,Fantasy,Sci-Fi	4.6	9490
